<?xml version="1.0" encoding="UTF-8"?>
<gpx creator="https://gpx.studio" version="1.1" xmlns="http://www.topografix.com/GPX/1/1" xmlns:xsi="http://www.w3.org/2001/XMLSchema-instance" xsi:schemaLocation="http://www.topografix.com/GPX/1/1 http://www.topografix.com/GPX/1/1/gpx.xsd http://www.garmin.com/xmlschemas/GpxExtensions/v3 http://www.garmin.com/xmlschemas/GpxExtensionsv3.xsd http://www.garmin.com/xmlschemas/TrackPointExtension/v1 http://www.garmin.com/xmlschemas/TrackPointExtensionv1.xsd http://www.garmin.com/xmlschemas/PowerExtension/v1 http://www.garmin.com/xmlschemas/PowerExtensionv1.xsd http://www.topografix.com/GPX/gpx_style/0/2 http://www.topografix.com/GPX/gpx_style/0/2/gpx_style.xsd" xmlns:gpxtpx="http://www.garmin.com/xmlschemas/TrackPointExtension/v1" xmlns:gpxx="http://www.garmin.com/xmlschemas/GpxExtensions/v3" xmlns:gpxpx="http://www.garmin.com/xmlschemas/PowerExtension/v1" xmlns:gpx_style="http://www.topografix.com/GPX/gpx_style/0/2">
  <metadata>
    <name>2026-06-07 Z-ZX Club - Kastelenroute Noord-Brabant</name>
    <author>
      <name>gpx.studio</name>
      <link href="https://gpx.studio"/>
    </author>
  </metadata>
  <trk>
    <name>2026-06-07 Z-ZX Club - Kastelenroute Noord-Brabant</name>
    <extensions>
      <gpx_style:line>
        <gpx_style:color>dd33ff</gpx_style:color>
      </gpx_style:line>
    </extensions>
    <trkseg>
      <trkpt lat="51.473196" lon="5.655627">
        <ele>18.46</ele>
      </trkpt>
      <trkpt lat="51.473471" lon="5.656265">
        <ele>18.53</ele>
      </trkpt>
      <trkpt lat="51.473548" lon="5.656525">
        <ele>18.29</ele>
      </trkpt>
      <trkpt lat="51.473577" lon="5.656665">
        <ele>18.13</ele>
      </trkpt>
      <trkpt lat="51.47366" lon="5.656937">
        <ele>18.37</ele>
      </trkpt>
      <trkpt lat="51.47366" lon="5.657006">
        <ele>18.44</ele>
      </trkpt>
      <trkpt lat="51.473599" lon="5.657431">
        <ele>18.82</ele>
      </trkpt>
      <trkpt lat="51.47342" lon="5.658284">
        <ele>19.62</ele>
      </trkpt>
      <trkpt lat="51.473353" lon="5.658588">
        <ele>19.6</ele>
      </trkpt>
      <trkpt lat="51.473314" lon="5.658726">
        <ele>19.45</ele>
      </trkpt>
      <trkpt lat="51.473267" lon="5.658978">
        <ele>19.22</ele>
      </trkpt>
      <trkpt lat="51.473228" lon="5.659372">
        <ele>18.93</ele>
      </trkpt>
      <trkpt lat="51.473174" lon="5.660083">
        <ele>18.5</ele>
      </trkpt>
      <trkpt lat="51.47316" lon="5.660525">
        <ele>18.5</ele>
      </trkpt>
      <trkpt lat="51.473158" lon="5.661228">
        <ele>18.67</ele>
      </trkpt>
      <trkpt lat="51.473347" lon="5.661229">
        <ele>18.57</ele>
      </trkpt>
      <trkpt lat="51.473772" lon="5.661239">
        <ele>18.42</ele>
      </trkpt>
      <trkpt lat="51.473868" lon="5.661288">
        <ele>18.47</ele>
      </trkpt>
      <trkpt lat="51.474175" lon="5.661304">
        <ele>18.53</ele>
      </trkpt>
      <trkpt lat="51.474324" lon="5.661285">
        <ele>18.57</ele>
      </trkpt>
      <trkpt lat="51.474324" lon="5.661168">
        <ele>18.68</ele>
      </trkpt>
      <trkpt lat="51.474278" lon="5.660284">
        <ele>19.5</ele>
      </trkpt>
      <trkpt lat="51.474233" lon="5.659835">
        <ele>19.9</ele>
      </trkpt>
      <trkpt lat="51.474184" lon="5.659668">
        <ele>19.98</ele>
      </trkpt>
      <trkpt lat="51.474181" lon="5.659556">
        <ele>20.11</ele>
      </trkpt>
      <trkpt lat="51.474098" lon="5.658564">
        <ele>20.57</ele>
      </trkpt>
      <trkpt lat="51.474013" lon="5.657764">
        <ele>19.71</ele>
      </trkpt>
      <trkpt lat="51.474004" lon="5.657215">
        <ele>19.28</ele>
      </trkpt>
      <trkpt lat="51.473971" lon="5.656402">
        <ele>18.97</ele>
      </trkpt>
      <trkpt lat="51.474071" lon="5.656393">
        <ele>19.1</ele>
      </trkpt>
      <trkpt lat="51.474553" lon="5.656248">
        <ele>19.64</ele>
      </trkpt>
      <trkpt lat="51.474774" lon="5.656208">
        <ele>20.05</ele>
      </trkpt>
      <trkpt lat="51.474869" lon="5.656163">
        <ele>20.21</ele>
      </trkpt>
      <trkpt lat="51.475022" lon="5.656234">
        <ele>20.56</ele>
      </trkpt>
      <trkpt lat="51.475231" lon="5.656393">
        <ele>20.97</ele>
      </trkpt>
      <trkpt lat="51.475275" lon="5.656442">
        <ele>20.97</ele>
      </trkpt>
      <trkpt lat="51.475274" lon="5.656441">
        <ele>20.97</ele>
      </trkpt>
      <trkpt lat="51.475313" lon="5.65649">
        <ele>20.92</ele>
      </trkpt>
      <trkpt lat="51.475366" lon="5.656528">
        <ele>20.86</ele>
      </trkpt>
      <trkpt lat="51.475434" lon="5.656564">
        <ele>20.77</ele>
      </trkpt>
      <trkpt lat="51.475518" lon="5.656588">
        <ele>20.67</ele>
      </trkpt>
      <trkpt lat="51.475918" lon="5.656493">
        <ele>20.19</ele>
      </trkpt>
      <trkpt lat="51.476699" lon="5.65624">
        <ele>20.48</ele>
      </trkpt>
      <trkpt lat="51.477303" lon="5.655996">
        <ele>21.4</ele>
      </trkpt>
      <trkpt lat="51.477154" lon="5.655193">
        <ele>21.29</ele>
      </trkpt>
      <trkpt lat="51.477154" lon="5.655048">
        <ele>21.2</ele>
      </trkpt>
      <trkpt lat="51.477194" lon="5.655">
        <ele>21.16</ele>
      </trkpt>
      <trkpt lat="51.477544" lon="5.654866">
        <ele>21.24</ele>
      </trkpt>
      <trkpt lat="51.47759" lon="5.65483">
        <ele>21.21</ele>
      </trkpt>
      <trkpt lat="51.477677" lon="5.654063">
        <ele>19.51</ele>
      </trkpt>
      <trkpt lat="51.47769" lon="5.653583">
        <ele>18.39</ele>
      </trkpt>
      <trkpt lat="51.477707" lon="5.653456">
        <ele>18.08</ele>
      </trkpt>
      <trkpt lat="51.477728" lon="5.653415">
        <ele>18.09</ele>
      </trkpt>
      <trkpt lat="51.477763" lon="5.653399">
        <ele>18.14</ele>
      </trkpt>
      <trkpt lat="51.477944" lon="5.65344">
        <ele>18.48</ele>
      </trkpt>
      <trkpt lat="51.478203" lon="5.653535">
        <ele>19.26</ele>
      </trkpt>
      <trkpt lat="51.478369" lon="5.65362">
        <ele>19.76</ele>
      </trkpt>
      <trkpt lat="51.4784" lon="5.653458">
        <ele>19.59</ele>
      </trkpt>
      <trkpt lat="51.478402" lon="5.653385">
        <ele>19.6</ele>
      </trkpt>
      <trkpt lat="51.478374" lon="5.652914">
        <ele>19.82</ele>
      </trkpt>
      <trkpt lat="51.478383" lon="5.652748">
        <ele>19.92</ele>
      </trkpt>
      <trkpt lat="51.478424" lon="5.651924">
        <ele>20.31</ele>
      </trkpt>
      <trkpt lat="51.477577" lon="5.651945">
        <ele>21.43</ele>
      </trkpt>
      <trkpt lat="51.477571" lon="5.651645">
        <ele>21.63</ele>
      </trkpt>
      <trkpt lat="51.477568" lon="5.651475">
        <ele>21.43</ele>
      </trkpt>
      <trkpt lat="51.477337" lon="5.651481">
        <ele>21.16</ele>
      </trkpt>
      <trkpt lat="51.477007" lon="5.651491">
        <ele>20.77</ele>
      </trkpt>
      <trkpt lat="51.476522" lon="5.651477">
        <ele>20.34</ele>
      </trkpt>
      <trkpt lat="51.476491" lon="5.651467">
        <ele>20.31</ele>
      </trkpt>
      <trkpt lat="51.476397" lon="5.651391">
        <ele>20.21</ele>
      </trkpt>
      <trkpt lat="51.476411" lon="5.651133">
        <ele>20.09</ele>
      </trkpt>
      <trkpt lat="51.476374" lon="5.650947">
        <ele>20</ele>
      </trkpt>
      <trkpt lat="51.476422" lon="5.65071">
        <ele>20</ele>
      </trkpt>
      <trkpt lat="51.476476" lon="5.650526">
        <ele>19.99</ele>
      </trkpt>
      <trkpt lat="51.476643" lon="5.649965">
        <ele>19.95</ele>
      </trkpt>
      <trkpt lat="51.477325" lon="5.647448">
        <ele>19</ele>
      </trkpt>
      <trkpt lat="51.477694" lon="5.646175">
        <ele>19</ele>
      </trkpt>
      <trkpt lat="51.477795" lon="5.645853">
        <ele>19.12</ele>
      </trkpt>
      <trkpt lat="51.477824" lon="5.645784">
        <ele>19.19</ele>
      </trkpt>
      <trkpt lat="51.477889" lon="5.64568">
        <ele>19.34</ele>
      </trkpt>
      <trkpt lat="51.477957" lon="5.645635">
        <ele>19.51</ele>
      </trkpt>
      <trkpt lat="51.478001" lon="5.645622">
        <ele>19.61</ele>
      </trkpt>
      <trkpt lat="51.478056" lon="5.645666">
        <ele>19.74</ele>
      </trkpt>
      <trkpt lat="51.478451" lon="5.64563">
        <ele>20.69</ele>
      </trkpt>
      <trkpt lat="51.478767" lon="5.645622">
        <ele>21</ele>
      </trkpt>
      <trkpt lat="51.478875" lon="5.645679">
        <ele>21</ele>
      </trkpt>
      <trkpt lat="51.478968" lon="5.645781">
        <ele>21</ele>
      </trkpt>
      <trkpt lat="51.479184" lon="5.646027">
        <ele>21.05</ele>
      </trkpt>
      <trkpt lat="51.479373" lon="5.646225">
        <ele>21.31</ele>
      </trkpt>
      <trkpt lat="51.47956" lon="5.64636">
        <ele>21.41</ele>
      </trkpt>
      <trkpt lat="51.479766" lon="5.64646">
        <ele>21.36</ele>
      </trkpt>
      <trkpt lat="51.479916" lon="5.646519">
        <ele>21.28</ele>
      </trkpt>
      <trkpt lat="51.480013" lon="5.646523">
        <ele>21.2</ele>
      </trkpt>
      <trkpt lat="51.480082" lon="5.646507">
        <ele>21.13</ele>
      </trkpt>
      <trkpt lat="51.480169" lon="5.646464">
        <ele>21.06</ele>
      </trkpt>
      <trkpt lat="51.480232" lon="5.646414">
        <ele>21.01</ele>
      </trkpt>
      <trkpt lat="51.480292" lon="5.646338">
        <ele>20.92</ele>
      </trkpt>
      <trkpt lat="51.480489" lon="5.645995">
        <ele>20.44</ele>
      </trkpt>
      <trkpt lat="51.48061" lon="5.64575">
        <ele>20.13</ele>
      </trkpt>
      <trkpt lat="51.480686" lon="5.645546">
        <ele>19.95</ele>
      </trkpt>
      <trkpt lat="51.480783" lon="5.645396">
        <ele>19.71</ele>
      </trkpt>
      <trkpt lat="51.48084" lon="5.645242">
        <ele>19.58</ele>
      </trkpt>
      <trkpt lat="51.480911" lon="5.645294">
        <ele>19.41</ele>
      </trkpt>
      <trkpt lat="51.481003" lon="5.645326">
        <ele>19.19</ele>
      </trkpt>
      <trkpt lat="51.48124" lon="5.645296">
        <ele>19</ele>
      </trkpt>
      <trkpt lat="51.48132" lon="5.645256">
        <ele>19</ele>
      </trkpt>
      <trkpt lat="51.481678" lon="5.645075">
        <ele>19.07</ele>
      </trkpt>
      <trkpt lat="51.482697" lon="5.644511">
        <ele>19.76</ele>
      </trkpt>
      <trkpt lat="51.483216" lon="5.644287">
        <ele>19.43</ele>
      </trkpt>
      <trkpt lat="51.483551" lon="5.644184">
        <ele>19.04</ele>
      </trkpt>
      <trkpt lat="51.484039" lon="5.644104">
        <ele>18.89</ele>
      </trkpt>
      <trkpt lat="51.484363" lon="5.644119">
        <ele>18.83</ele>
      </trkpt>
      <trkpt lat="51.484901" lon="5.644039">
        <ele>17.55</ele>
      </trkpt>
      <trkpt lat="51.485085" lon="5.643946">
        <ele>17</ele>
      </trkpt>
      <trkpt lat="51.486094" lon="5.643683">
        <ele>20.03</ele>
      </trkpt>
      <trkpt lat="51.486751" lon="5.643517">
        <ele>21.53</ele>
      </trkpt>
      <trkpt lat="51.48714" lon="5.64347">
        <ele>21.16</ele>
      </trkpt>
      <trkpt lat="51.48763" lon="5.64346">
        <ele>19.42</ele>
      </trkpt>
      <trkpt lat="51.487931" lon="5.643469">
        <ele>19.21</ele>
      </trkpt>
      <trkpt lat="51.488568" lon="5.643574">
        <ele>19.83</ele>
      </trkpt>
      <trkpt lat="51.491139" lon="5.644184">
        <ele>21.15</ele>
      </trkpt>
      <trkpt lat="51.493953" lon="5.644629">
        <ele>21.05</ele>
      </trkpt>
      <trkpt lat="51.494978" lon="5.644766">
        <ele>19.18</ele>
      </trkpt>
      <trkpt lat="51.495165" lon="5.644781">
        <ele>18.79</ele>
      </trkpt>
      <trkpt lat="51.495167" lon="5.644643">
        <ele>18.65</ele>
      </trkpt>
      <trkpt lat="51.495302" lon="5.643521">
        <ele>17.78</ele>
      </trkpt>
      <trkpt lat="51.495476" lon="5.642092">
        <ele>16.72</ele>
      </trkpt>
      <trkpt lat="51.495475" lon="5.641996">
        <ele>16.66</ele>
      </trkpt>
      <trkpt lat="51.49546" lon="5.64193">
        <ele>16.6</ele>
      </trkpt>
      <trkpt lat="51.49538" lon="5.64186">
        <ele>16.39</ele>
      </trkpt>
      <trkpt lat="51.495116" lon="5.641762">
        <ele>16.01</ele>
      </trkpt>
      <trkpt lat="51.495025" lon="5.641678">
        <ele>16.08</ele>
      </trkpt>
      <trkpt lat="51.49489" lon="5.64144">
        <ele>16.23</ele>
      </trkpt>
      <trkpt lat="51.494298" lon="5.640165">
        <ele>16.14</ele>
      </trkpt>
      <trkpt lat="51.494012" lon="5.639367">
        <ele>16.94</ele>
      </trkpt>
      <trkpt lat="51.493976" lon="5.639232">
        <ele>17</ele>
      </trkpt>
      <trkpt lat="51.493956" lon="5.639124">
        <ele>17</ele>
      </trkpt>
      <trkpt lat="51.493943" lon="5.638992">
        <ele>17</ele>
      </trkpt>
      <trkpt lat="51.493943" lon="5.638871">
        <ele>17</ele>
      </trkpt>
      <trkpt lat="51.49398" lon="5.63858">
        <ele>17</ele>
      </trkpt>
      <trkpt lat="51.494755" lon="5.635456">
        <ele>14</ele>
      </trkpt>
      <trkpt lat="51.494899" lon="5.6349">
        <ele>13.9</ele>
      </trkpt>
      <trkpt lat="51.49672" lon="5.631419">
        <ele>15.65</ele>
      </trkpt>
      <trkpt lat="51.49687" lon="5.63122">
        <ele>15.58</ele>
      </trkpt>
      <trkpt lat="51.496997" lon="5.631154">
        <ele>15.49</ele>
      </trkpt>
      <trkpt lat="51.497932" lon="5.630919">
        <ele>14.98</ele>
      </trkpt>
      <trkpt lat="51.498905" lon="5.630412">
        <ele>15</ele>
      </trkpt>
      <trkpt lat="51.49901" lon="5.630368">
        <ele>15</ele>
      </trkpt>
      <trkpt lat="51.499086" lon="5.630348">
        <ele>15</ele>
      </trkpt>
      <trkpt lat="51.49982" lon="5.630213">
        <ele>15.48</ele>
      </trkpt>
      <trkpt lat="51.50005" lon="5.63018">
        <ele>15.76</ele>
      </trkpt>
      <trkpt lat="51.50012" lon="5.63014">
        <ele>15.84</ele>
      </trkpt>
      <trkpt lat="51.50017" lon="5.63007">
        <ele>15.95</ele>
      </trkpt>
      <trkpt lat="51.5002" lon="5.62998">
        <ele>16.09</ele>
      </trkpt>
      <trkpt lat="51.500395" lon="5.627615">
        <ele>19.15</ele>
      </trkpt>
      <trkpt lat="51.500715" lon="5.627291">
        <ele>20.35</ele>
      </trkpt>
      <trkpt lat="51.501121" lon="5.627216">
        <ele>21.29</ele>
      </trkpt>
      <trkpt lat="51.50148" lon="5.62715">
        <ele>22.11</ele>
      </trkpt>
      <trkpt lat="51.50179" lon="5.62721">
        <ele>22.27</ele>
      </trkpt>
      <trkpt lat="51.502062" lon="5.627382">
        <ele>21.19</ele>
      </trkpt>
      <trkpt lat="51.502158" lon="5.627294">
        <ele>21.03</ele>
      </trkpt>
      <trkpt lat="51.502269" lon="5.627095">
        <ele>21.05</ele>
      </trkpt>
      <trkpt lat="51.502374" lon="5.626837">
        <ele>21.11</ele>
      </trkpt>
      <trkpt lat="51.502414" lon="5.626684">
        <ele>20.92</ele>
      </trkpt>
      <trkpt lat="51.502486" lon="5.626311">
        <ele>20.03</ele>
      </trkpt>
      <trkpt lat="51.502722" lon="5.624511">
        <ele>17.38</ele>
      </trkpt>
      <trkpt lat="51.502742" lon="5.624284">
        <ele>17.04</ele>
      </trkpt>
      <trkpt lat="51.502726" lon="5.623976">
        <ele>16.68</ele>
      </trkpt>
      <trkpt lat="51.502579" lon="5.623153">
        <ele>15.93</ele>
      </trkpt>
      <trkpt lat="51.502599" lon="5.622971">
        <ele>15.9</ele>
      </trkpt>
      <trkpt lat="51.502655" lon="5.622847">
        <ele>15.92</ele>
      </trkpt>
      <trkpt lat="51.503456" lon="5.62196">
        <ele>16.19</ele>
      </trkpt>
      <trkpt lat="51.50378" lon="5.621517">
        <ele>16.55</ele>
      </trkpt>
      <trkpt lat="51.504135" lon="5.621033">
        <ele>16.95</ele>
      </trkpt>
      <trkpt lat="51.504181" lon="5.620944">
        <ele>17.15</ele>
      </trkpt>
      <trkpt lat="51.504988" lon="5.619259">
        <ele>18</ele>
      </trkpt>
      <trkpt lat="51.506197" lon="5.616683">
        <ele>18.56</ele>
      </trkpt>
      <trkpt lat="51.506567" lon="5.615943">
        <ele>17.58</ele>
      </trkpt>
      <trkpt lat="51.506697" lon="5.615972">
        <ele>17.73</ele>
      </trkpt>
      <trkpt lat="51.506862" lon="5.616065">
        <ele>17.81</ele>
      </trkpt>
      <trkpt lat="51.507412" lon="5.616634">
        <ele>16.57</ele>
      </trkpt>
      <trkpt lat="51.509812" lon="5.61906">
        <ele>16.47</ele>
      </trkpt>
      <trkpt lat="51.509997" lon="5.618641">
        <ele>16.68</ele>
      </trkpt>
      <trkpt lat="51.51013" lon="5.61834">
        <ele>16.84</ele>
      </trkpt>
      <trkpt lat="51.51035" lon="5.617615">
        <ele>17</ele>
      </trkpt>
      <trkpt lat="51.510466" lon="5.617118">
        <ele>17</ele>
      </trkpt>
      <trkpt lat="51.510539" lon="5.616731">
        <ele>16.95</ele>
      </trkpt>
      <trkpt lat="51.510678" lon="5.615695">
        <ele>16</ele>
      </trkpt>
      <trkpt lat="51.510719" lon="5.615015">
        <ele>16.06</ele>
      </trkpt>
      <trkpt lat="51.510726" lon="5.614105">
        <ele>16.57</ele>
      </trkpt>
      <trkpt lat="51.510712" lon="5.613356">
        <ele>16.69</ele>
      </trkpt>
      <trkpt lat="51.510554" lon="5.610496">
        <ele>18.72</ele>
      </trkpt>
      <trkpt lat="51.510525" lon="5.609733">
        <ele>18.24</ele>
      </trkpt>
      <trkpt lat="51.510548" lon="5.60909">
        <ele>17.37</ele>
      </trkpt>
      <trkpt lat="51.510585" lon="5.608673">
        <ele>16.74</ele>
      </trkpt>
      <trkpt lat="51.51067" lon="5.60829">
        <ele>16.5</ele>
      </trkpt>
      <trkpt lat="51.510783" lon="5.60798">
        <ele>16.64</ele>
      </trkpt>
      <trkpt lat="51.510968" lon="5.607621">
        <ele>16.86</ele>
      </trkpt>
      <trkpt lat="51.511075" lon="5.607496">
        <ele>16.99</ele>
      </trkpt>
      <trkpt lat="51.511318" lon="5.607245">
        <ele>16.72</ele>
      </trkpt>
      <trkpt lat="51.511422" lon="5.607163">
        <ele>16.6</ele>
      </trkpt>
      <trkpt lat="51.511677" lon="5.607131">
        <ele>16.29</ele>
      </trkpt>
      <trkpt lat="51.511814" lon="5.607053">
        <ele>16.13</ele>
      </trkpt>
      <trkpt lat="51.511962" lon="5.606881">
        <ele>16.1</ele>
      </trkpt>
      <trkpt lat="51.512054" lon="5.606723">
        <ele>16.32</ele>
      </trkpt>
      <trkpt lat="51.512094" lon="5.606767">
        <ele>16.42</ele>
      </trkpt>
      <trkpt lat="51.512242" lon="5.606881">
        <ele>16.72</ele>
      </trkpt>
      <trkpt lat="51.512377" lon="5.606947">
        <ele>16.98</ele>
      </trkpt>
      <trkpt lat="51.512612" lon="5.606995">
        <ele>17.44</ele>
      </trkpt>
      <trkpt lat="51.512729" lon="5.607001">
        <ele>17.67</ele>
      </trkpt>
      <trkpt lat="51.513101" lon="5.606976">
        <ele>18.17</ele>
      </trkpt>
      <trkpt lat="51.51326" lon="5.606931">
        <ele>18.41</ele>
      </trkpt>
      <trkpt lat="51.513559" lon="5.606923">
        <ele>18.78</ele>
      </trkpt>
      <trkpt lat="51.515217" lon="5.606812">
        <ele>18.04</ele>
      </trkpt>
      <trkpt lat="51.515561" lon="5.60676">
        <ele>18.73</ele>
      </trkpt>
      <trkpt lat="51.51646" lon="5.60644">
        <ele>18.48</ele>
      </trkpt>
      <trkpt lat="51.516715" lon="5.60637">
        <ele>17.38</ele>
      </trkpt>
      <trkpt lat="51.517072" lon="5.606344">
        <ele>16.68</ele>
      </trkpt>
      <trkpt lat="51.517488" lon="5.606405">
        <ele>17.16</ele>
      </trkpt>
      <trkpt lat="51.517894" lon="5.606614">
        <ele>16.98</ele>
      </trkpt>
      <trkpt lat="51.517893" lon="5.606709">
        <ele>16.89</ele>
      </trkpt>
      <trkpt lat="51.5179" lon="5.606759">
        <ele>16.83</ele>
      </trkpt>
      <trkpt lat="51.517925" lon="5.606844">
        <ele>16.72</ele>
      </trkpt>
      <trkpt lat="51.517961" lon="5.606907">
        <ele>16.63</ele>
      </trkpt>
      <trkpt lat="51.518008" lon="5.606953">
        <ele>16.54</ele>
      </trkpt>
      <trkpt lat="51.518065" lon="5.606977">
        <ele>16.47</ele>
      </trkpt>
      <trkpt lat="51.518108" lon="5.606976">
        <ele>16.43</ele>
      </trkpt>
      <trkpt lat="51.518149" lon="5.60696">
        <ele>16.4</ele>
      </trkpt>
      <trkpt lat="51.518209" lon="5.606906">
        <ele>16.38</ele>
      </trkpt>
      <trkpt lat="51.518238" lon="5.606857">
        <ele>16.37</ele>
      </trkpt>
      <trkpt lat="51.518271" lon="5.606747">
        <ele>16.39</ele>
      </trkpt>
      <trkpt lat="51.518277" lon="5.606692">
        <ele>16.41</ele>
      </trkpt>
      <trkpt lat="51.518271" lon="5.606586">
        <ele>16.46</ele>
      </trkpt>
      <trkpt lat="51.51825" lon="5.606507">
        <ele>16.53</ele>
      </trkpt>
      <trkpt lat="51.518217" lon="5.606442">
        <ele>16.62</ele>
      </trkpt>
      <trkpt lat="51.518263" lon="5.606158">
        <ele>16.67</ele>
      </trkpt>
      <trkpt lat="51.518366" lon="5.605744">
        <ele>16.53</ele>
      </trkpt>
      <trkpt lat="51.51851" lon="5.605309">
        <ele>16.18</ele>
      </trkpt>
      <trkpt lat="51.518645" lon="5.605066">
        <ele>15.89</ele>
      </trkpt>
      <trkpt lat="51.51874" lon="5.604941">
        <ele>15.62</ele>
      </trkpt>
      <trkpt lat="51.518933" lon="5.604749">
        <ele>15.16</ele>
      </trkpt>
      <trkpt lat="51.519028" lon="5.604621">
        <ele>14.89</ele>
      </trkpt>
      <trkpt lat="51.519426" lon="5.60436">
        <ele>14.11</ele>
      </trkpt>
      <trkpt lat="51.52053" lon="5.6036">
        <ele>14</ele>
      </trkpt>
      <trkpt lat="51.52102" lon="5.603184">
        <ele>14.3</ele>
      </trkpt>
      <trkpt lat="51.52133" lon="5.60287">
        <ele>14.87</ele>
      </trkpt>
      <trkpt lat="51.52198" lon="5.60213">
        <ele>16.56</ele>
      </trkpt>
      <trkpt lat="51.52221" lon="5.60183">
        <ele>16.92</ele>
      </trkpt>
      <trkpt lat="51.52267" lon="5.60109">
        <ele>16.19</ele>
      </trkpt>
      <trkpt lat="51.52281" lon="5.6008">
        <ele>15.93</ele>
      </trkpt>
      <trkpt lat="51.52302" lon="5.60031">
        <ele>15.68</ele>
      </trkpt>
      <trkpt lat="51.52332" lon="5.59927">
        <ele>15.32</ele>
      </trkpt>
      <trkpt lat="51.52355" lon="5.59828">
        <ele>15.04</ele>
      </trkpt>
      <trkpt lat="51.52427" lon="5.59504">
        <ele>14.24</ele>
      </trkpt>
      <trkpt lat="51.524937" lon="5.592166">
        <ele>16.86</ele>
      </trkpt>
      <trkpt lat="51.525171" lon="5.591277">
        <ele>16.65</ele>
      </trkpt>
      <trkpt lat="51.525272" lon="5.590969">
        <ele>16.04</ele>
      </trkpt>
      <trkpt lat="51.52541" lon="5.5906">
        <ele>15.3</ele>
      </trkpt>
      <trkpt lat="51.525872" lon="5.589737">
        <ele>13.83</ele>
      </trkpt>
      <trkpt lat="51.525973" lon="5.589532">
        <ele>13.46</ele>
      </trkpt>
      <trkpt lat="51.526007" lon="5.589538">
        <ele>13.42</ele>
      </trkpt>
      <trkpt lat="51.526071" lon="5.589509">
        <ele>13.31</ele>
      </trkpt>
      <trkpt lat="51.526119" lon="5.589436">
        <ele>13.21</ele>
      </trkpt>
      <trkpt lat="51.52614" lon="5.589346">
        <ele>13.1</ele>
      </trkpt>
      <trkpt lat="51.526141" lon="5.589298">
        <ele>13.04</ele>
      </trkpt>
      <trkpt lat="51.526136" lon="5.58925">
        <ele>12.98</ele>
      </trkpt>
      <trkpt lat="51.526107" lon="5.589167">
        <ele>12.88</ele>
      </trkpt>
      <trkpt lat="51.526206" lon="5.589012">
        <ele>12.7</ele>
      </trkpt>
      <trkpt lat="51.52659" lon="5.58847">
        <ele>12.05</ele>
      </trkpt>
      <trkpt lat="51.526849" lon="5.588072">
        <ele>12.06</ele>
      </trkpt>
      <trkpt lat="51.526849" lon="5.588072">
        <ele>12.06</ele>
      </trkpt>
      <trkpt lat="51.52698" lon="5.58787">
        <ele>12.07</ele>
      </trkpt>
      <trkpt lat="51.52732" lon="5.58724">
        <ele>12.48</ele>
      </trkpt>
      <trkpt lat="51.528085" lon="5.585707">
        <ele>13.79</ele>
      </trkpt>
      <trkpt lat="51.528959" lon="5.584015">
        <ele>13.56</ele>
      </trkpt>
      <trkpt lat="51.529072" lon="5.583855">
        <ele>13.42</ele>
      </trkpt>
      <trkpt lat="51.529178" lon="5.583746">
        <ele>13.29</ele>
      </trkpt>
      <trkpt lat="51.53054" lon="5.5826">
        <ele>13.66</ele>
      </trkpt>
      <trkpt lat="51.53117" lon="5.58205">
        <ele>13.75</ele>
      </trkpt>
      <trkpt lat="51.531393" lon="5.581909">
        <ele>14.19</ele>
      </trkpt>
      <trkpt lat="51.531573" lon="5.58183">
        <ele>14.5</ele>
      </trkpt>
      <trkpt lat="51.531978" lon="5.581723">
        <ele>15.02</ele>
      </trkpt>
      <trkpt lat="51.533569" lon="5.581367">
        <ele>14.54</ele>
      </trkpt>
      <trkpt lat="51.533806" lon="5.581255">
        <ele>14.39</ele>
      </trkpt>
      <trkpt lat="51.534158" lon="5.581011">
        <ele>14.1</ele>
      </trkpt>
      <trkpt lat="51.534276" lon="5.580888">
        <ele>13.99</ele>
      </trkpt>
      <trkpt lat="51.534474" lon="5.580644">
        <ele>14</ele>
      </trkpt>
      <trkpt lat="51.535325" lon="5.579238">
        <ele>13.92</ele>
      </trkpt>
      <trkpt lat="51.53735" lon="5.576152">
        <ele>12.73</ele>
      </trkpt>
      <trkpt lat="51.539467" lon="5.572943">
        <ele>16.51</ele>
      </trkpt>
      <trkpt lat="51.540562" lon="5.571227">
        <ele>16.4</ele>
      </trkpt>
      <trkpt lat="51.540936" lon="5.57189">
        <ele>15.84</ele>
      </trkpt>
      <trkpt lat="51.540936" lon="5.57189">
        <ele>15.84</ele>
      </trkpt>
      <trkpt lat="51.541278" lon="5.572496">
        <ele>15.09</ele>
      </trkpt>
      <trkpt lat="51.541247" lon="5.57254">
        <ele>15.05</ele>
      </trkpt>
      <trkpt lat="51.542163" lon="5.574234">
        <ele>14</ele>
      </trkpt>
      <trkpt lat="51.54241" lon="5.57467">
        <ele>14.49</ele>
      </trkpt>
      <trkpt lat="51.542504" lon="5.574809">
        <ele>14.66</ele>
      </trkpt>
      <trkpt lat="51.542544" lon="5.574894">
        <ele>14.76</ele>
      </trkpt>
      <trkpt lat="51.54258" lon="5.575019">
        <ele>14.91</ele>
      </trkpt>
      <trkpt lat="51.542792" lon="5.576913">
        <ele>13.97</ele>
      </trkpt>
      <trkpt lat="51.542996" lon="5.579089">
        <ele>14.21</ele>
      </trkpt>
      <trkpt lat="51.543042" lon="5.579821">
        <ele>13.33</ele>
      </trkpt>
      <trkpt lat="51.543058" lon="5.580272">
        <ele>13</ele>
      </trkpt>
      <trkpt lat="51.543012" lon="5.581155">
        <ele>13.19</ele>
      </trkpt>
      <trkpt lat="51.542659" lon="5.581087">
        <ele>13.34</ele>
      </trkpt>
      <trkpt lat="51.542372" lon="5.581031">
        <ele>13.47</ele>
      </trkpt>
      <trkpt lat="51.542357" lon="5.581275">
        <ele>13.5</ele>
      </trkpt>
      <trkpt lat="51.542363" lon="5.581332">
        <ele>13.5</ele>
      </trkpt>
      <trkpt lat="51.542508" lon="5.582199">
        <ele>13.36</ele>
      </trkpt>
      <trkpt lat="51.542508" lon="5.582199">
        <ele>13.36</ele>
      </trkpt>
      <trkpt lat="51.543274" lon="5.58678">
        <ele>12.62</ele>
      </trkpt>
      <trkpt lat="51.54331" lon="5.58713">
        <ele>12.66</ele>
      </trkpt>
      <trkpt lat="51.54332" lon="5.5879">
        <ele>12.79</ele>
      </trkpt>
      <trkpt lat="51.54334" lon="5.58823">
        <ele>12.93</ele>
      </trkpt>
      <trkpt lat="51.54337" lon="5.58841">
        <ele>12.99</ele>
      </trkpt>
      <trkpt lat="51.54346" lon="5.588684">
        <ele>13</ele>
      </trkpt>
      <trkpt lat="51.543084" lon="5.589063">
        <ele>13</ele>
      </trkpt>
      <trkpt lat="51.54232" lon="5.589834">
        <ele>13</ele>
      </trkpt>
      <trkpt lat="51.5421" lon="5.590134">
        <ele>13</ele>
      </trkpt>
      <trkpt lat="51.54097" lon="5.592264">
        <ele>13</ele>
      </trkpt>
      <trkpt lat="51.54077" lon="5.592714">
        <ele>13</ele>
      </trkpt>
      <trkpt lat="51.539955" lon="5.594747">
        <ele>13.15</ele>
      </trkpt>
      <trkpt lat="51.53984" lon="5.595117">
        <ele>13</ele>
      </trkpt>
      <trkpt lat="51.539524" lon="5.596152">
        <ele>13.23</ele>
      </trkpt>
      <trkpt lat="51.538968" lon="5.598127">
        <ele>14.63</ele>
      </trkpt>
      <trkpt lat="51.538855" lon="5.598475">
        <ele>14.95</ele>
      </trkpt>
      <trkpt lat="51.538092" lon="5.600082">
        <ele>13.59</ele>
      </trkpt>
      <trkpt lat="51.537338" lon="5.601353">
        <ele>13</ele>
      </trkpt>
      <trkpt lat="51.537156" lon="5.601703">
        <ele>13.41</ele>
      </trkpt>
      <trkpt lat="51.536995" lon="5.602081">
        <ele>13.83</ele>
      </trkpt>
      <trkpt lat="51.53687" lon="5.60246">
        <ele>14</ele>
      </trkpt>
      <trkpt lat="51.53661" lon="5.60284">
        <ele>14.11</ele>
      </trkpt>
      <trkpt lat="51.5364" lon="5.60301">
        <ele>14.31</ele>
      </trkpt>
      <trkpt lat="51.535962" lon="5.603538">
        <ele>15</ele>
      </trkpt>
      <trkpt lat="51.535904" lon="5.603596">
        <ele>15</ele>
      </trkpt>
      <trkpt lat="51.535989" lon="5.603831">
        <ele>15</ele>
      </trkpt>
      <trkpt lat="51.536067" lon="5.604121">
        <ele>15</ele>
      </trkpt>
      <trkpt lat="51.536087" lon="5.60422">
        <ele>14.91</ele>
      </trkpt>
      <trkpt lat="51.536138" lon="5.604476">
        <ele>14.69</ele>
      </trkpt>
      <trkpt lat="51.537738" lon="5.613614">
        <ele>14</ele>
      </trkpt>
      <trkpt lat="51.537879" lon="5.614308">
        <ele>14.01</ele>
      </trkpt>
      <trkpt lat="51.538222" lon="5.61563">
        <ele>14.56</ele>
      </trkpt>
      <trkpt lat="51.53827" lon="5.61577">
        <ele>14.62</ele>
      </trkpt>
      <trkpt lat="51.538427" lon="5.616056">
        <ele>14.8</ele>
      </trkpt>
      <trkpt lat="51.538592" lon="5.616266">
        <ele>15</ele>
      </trkpt>
      <trkpt lat="51.538806" lon="5.616561">
        <ele>14.74</ele>
      </trkpt>
      <trkpt lat="51.53895" lon="5.61682">
        <ele>14.57</ele>
      </trkpt>
      <trkpt lat="51.53901" lon="5.61696">
        <ele>14.5</ele>
      </trkpt>
      <trkpt lat="51.53912" lon="5.61739">
        <ele>14.36</ele>
      </trkpt>
      <trkpt lat="51.53924" lon="5.61855">
        <ele>14.81</ele>
      </trkpt>
      <trkpt lat="51.539295" lon="5.61921">
        <ele>14.99</ele>
      </trkpt>
      <trkpt lat="51.539357" lon="5.621111">
        <ele>15.06</ele>
      </trkpt>
      <trkpt lat="51.539366" lon="5.621236">
        <ele>15.04</ele>
      </trkpt>
      <trkpt lat="51.539364" lon="5.62136">
        <ele>15.03</ele>
      </trkpt>
      <trkpt lat="51.539379" lon="5.621489">
        <ele>15.02</ele>
      </trkpt>
      <trkpt lat="51.539398" lon="5.621554">
        <ele>15.01</ele>
      </trkpt>
      <trkpt lat="51.539422" lon="5.621599">
        <ele>14.98</ele>
      </trkpt>
      <trkpt lat="51.539422" lon="5.621599">
        <ele>14.98</ele>
      </trkpt>
      <trkpt lat="51.53988" lon="5.62245">
        <ele>14.45</ele>
      </trkpt>
      <trkpt lat="51.5402" lon="5.62316">
        <ele>14.07</ele>
      </trkpt>
      <trkpt lat="51.540372" lon="5.623636">
        <ele>13.9</ele>
      </trkpt>
      <trkpt lat="51.54045" lon="5.623949">
        <ele>13.91</ele>
      </trkpt>
      <trkpt lat="51.540491" lon="5.624264">
        <ele>14</ele>
      </trkpt>
      <trkpt lat="51.540493" lon="5.624396">
        <ele>14.15</ele>
      </trkpt>
      <trkpt lat="51.540471" lon="5.624975">
        <ele>14.84</ele>
      </trkpt>
      <trkpt lat="51.540485" lon="5.625967">
        <ele>14.97</ele>
      </trkpt>
      <trkpt lat="51.540463" lon="5.626093">
        <ele>14.81</ele>
      </trkpt>
      <trkpt lat="51.54046" lon="5.626152">
        <ele>14.74</ele>
      </trkpt>
      <trkpt lat="51.540493" lon="5.626925">
        <ele>14</ele>
      </trkpt>
      <trkpt lat="51.540533" lon="5.627117">
        <ele>14</ele>
      </trkpt>
      <trkpt lat="51.54057" lon="5.62805">
        <ele>14.33</ele>
      </trkpt>
      <trkpt lat="51.540578" lon="5.628483">
        <ele>14.65</ele>
      </trkpt>
      <trkpt lat="51.54057" lon="5.628891">
        <ele>14.96</ele>
      </trkpt>
      <trkpt lat="51.54053" lon="5.629458">
        <ele>15.42</ele>
      </trkpt>
      <trkpt lat="51.540502" lon="5.62957">
        <ele>15.56</ele>
      </trkpt>
      <trkpt lat="51.540449" lon="5.629663">
        <ele>15.79</ele>
      </trkpt>
      <trkpt lat="51.539812" lon="5.630396">
        <ele>16.84</ele>
      </trkpt>
      <trkpt lat="51.539701" lon="5.630543">
        <ele>16.83</ele>
      </trkpt>
      <trkpt lat="51.539744" lon="5.630596">
        <ele>16.77</ele>
      </trkpt>
      <trkpt lat="51.539802" lon="5.630719">
        <ele>16.67</ele>
      </trkpt>
      <trkpt lat="51.539886" lon="5.630895">
        <ele>16.47</ele>
      </trkpt>
      <trkpt lat="51.539977" lon="5.631095">
        <ele>16.15</ele>
      </trkpt>
      <trkpt lat="51.539859" lon="5.63122">
        <ele>16.14</ele>
      </trkpt>
      <trkpt lat="51.539731" lon="5.631367">
        <ele>16.12</ele>
      </trkpt>
      <trkpt lat="51.539731" lon="5.631367">
        <ele>16.12</ele>
      </trkpt>
      <trkpt lat="51.538924" lon="5.632295">
        <ele>16</ele>
      </trkpt>
      <trkpt lat="51.538773" lon="5.632398">
        <ele>16</ele>
      </trkpt>
      <trkpt lat="51.53868" lon="5.632566">
        <ele>16</ele>
      </trkpt>
      <trkpt lat="51.537193" lon="5.634307">
        <ele>16.34</ele>
      </trkpt>
      <trkpt lat="51.535813" lon="5.63595">
        <ele>15.66</ele>
      </trkpt>
      <trkpt lat="51.53231" lon="5.640073">
        <ele>17.86</ele>
      </trkpt>
      <trkpt lat="51.532449" lon="5.640366">
        <ele>18.53</ele>
      </trkpt>
      <trkpt lat="51.532457" lon="5.640411">
        <ele>18.57</ele>
      </trkpt>
      <trkpt lat="51.532449" lon="5.640366">
        <ele>18.53</ele>
      </trkpt>
      <trkpt lat="51.53231" lon="5.640073">
        <ele>17.86</ele>
      </trkpt>
      <trkpt lat="51.531889" lon="5.640557">
        <ele>15.94</ele>
      </trkpt>
      <trkpt lat="51.531554" lon="5.640903">
        <ele>15.54</ele>
      </trkpt>
      <trkpt lat="51.531239" lon="5.641208">
        <ele>15.5</ele>
      </trkpt>
      <trkpt lat="51.530306" lon="5.641973">
        <ele>14.82</ele>
      </trkpt>
      <trkpt lat="51.530209" lon="5.64208">
        <ele>14.71</ele>
      </trkpt>
      <trkpt lat="51.530071" lon="5.642183">
        <ele>14.84</ele>
      </trkpt>
      <trkpt lat="51.529853" lon="5.642542">
        <ele>15.01</ele>
      </trkpt>
      <trkpt lat="51.529588" lon="5.642764">
        <ele>15.56</ele>
      </trkpt>
      <trkpt lat="51.529511" lon="5.642871">
        <ele>15.75</ele>
      </trkpt>
      <trkpt lat="51.529584" lon="5.643129">
        <ele>15.49</ele>
      </trkpt>
      <trkpt lat="51.529767" lon="5.643899">
        <ele>15.32</ele>
      </trkpt>
      <trkpt lat="51.529767" lon="5.643899">
        <ele>15.32</ele>
      </trkpt>
      <trkpt lat="51.53004" lon="5.645134">
        <ele>17.72</ele>
      </trkpt>
      <trkpt lat="51.530123" lon="5.645423">
        <ele>17.52</ele>
      </trkpt>
      <trkpt lat="51.529998" lon="5.645601">
        <ele>17.28</ele>
      </trkpt>
      <trkpt lat="51.529911" lon="5.645788">
        <ele>17.11</ele>
      </trkpt>
      <trkpt lat="51.529862" lon="5.645996">
        <ele>16.9</ele>
      </trkpt>
      <trkpt lat="51.529813" lon="5.64629">
        <ele>16.39</ele>
      </trkpt>
      <trkpt lat="51.529715" lon="5.647199">
        <ele>15.77</ele>
      </trkpt>
      <trkpt lat="51.52907" lon="5.65318">
        <ele>13.6</ele>
      </trkpt>
      <trkpt lat="51.52903" lon="5.65379">
        <ele>13.47</ele>
      </trkpt>
      <trkpt lat="51.528889" lon="5.655044">
        <ele>14.56</ele>
      </trkpt>
      <trkpt lat="51.528842" lon="5.655498">
        <ele>14.7</ele>
      </trkpt>
      <trkpt lat="51.528831" lon="5.655739">
        <ele>14.71</ele>
      </trkpt>
      <trkpt lat="51.528824" lon="5.656651">
        <ele>15.33</ele>
      </trkpt>
      <trkpt lat="51.528827" lon="5.657318">
        <ele>14.96</ele>
      </trkpt>
      <trkpt lat="51.528793" lon="5.657814">
        <ele>14.57</ele>
      </trkpt>
      <trkpt lat="51.528749" lon="5.65816">
        <ele>14.27</ele>
      </trkpt>
      <trkpt lat="51.52856" lon="5.65921">
        <ele>13.97</ele>
      </trkpt>
      <trkpt lat="51.528413" lon="5.659847">
        <ele>13.39</ele>
      </trkpt>
      <trkpt lat="51.528333" lon="5.660444">
        <ele>13.31</ele>
      </trkpt>
      <trkpt lat="51.52812" lon="5.66242">
        <ele>13.33</ele>
      </trkpt>
      <trkpt lat="51.527785" lon="5.665731">
        <ele>15.93</ele>
      </trkpt>
      <trkpt lat="51.526879" lon="5.674262">
        <ele>17.08</ele>
      </trkpt>
      <trkpt lat="51.5264" lon="5.6791">
        <ele>14.63</ele>
      </trkpt>
      <trkpt lat="51.52617" lon="5.681257">
        <ele>15.9</ele>
      </trkpt>
      <trkpt lat="51.526093" lon="5.681762">
        <ele>15.99</ele>
      </trkpt>
      <trkpt lat="51.526043" lon="5.681986">
        <ele>15.71</ele>
      </trkpt>
      <trkpt lat="51.525506" lon="5.683737">
        <ele>14.7</ele>
      </trkpt>
      <trkpt lat="51.52543" lon="5.68406">
        <ele>14.79</ele>
      </trkpt>
      <trkpt lat="51.525345" lon="5.684522">
        <ele>15.18</ele>
      </trkpt>
      <trkpt lat="51.52497" lon="5.6868">
        <ele>15.32</ele>
      </trkpt>
      <trkpt lat="51.523792" lon="5.692644">
        <ele>16.77</ele>
      </trkpt>
      <trkpt lat="51.524008" lon="5.692712">
        <ele>16.62</ele>
      </trkpt>
      <trkpt lat="51.525059" lon="5.693044">
        <ele>15.88</ele>
      </trkpt>
      <trkpt lat="51.525209" lon="5.693051">
        <ele>15.97</ele>
      </trkpt>
      <trkpt lat="51.525368" lon="5.693003">
        <ele>16.2</ele>
      </trkpt>
      <trkpt lat="51.525874" lon="5.692681">
        <ele>16.8</ele>
      </trkpt>
      <trkpt lat="51.526043" lon="5.692647">
        <ele>16.98</ele>
      </trkpt>
      <trkpt lat="51.526069" lon="5.692482">
        <ele>16.98</ele>
      </trkpt>
      <trkpt lat="51.526135" lon="5.69184">
        <ele>16.98</ele>
      </trkpt>
      <trkpt lat="51.52645" lon="5.68876">
        <ele>17</ele>
      </trkpt>
      <trkpt lat="51.5265" lon="5.68864">
        <ele>17</ele>
      </trkpt>
      <trkpt lat="51.52794" lon="5.68633">
        <ele>15.22</ele>
      </trkpt>
      <trkpt lat="51.528" lon="5.68619">
        <ele>15.29</ele>
      </trkpt>
      <trkpt lat="51.52833" lon="5.68403">
        <ele>15.31</ele>
      </trkpt>
      <trkpt lat="51.52842" lon="5.68384">
        <ele>15.2</ele>
      </trkpt>
      <trkpt lat="51.52982" lon="5.682313">
        <ele>14.04</ele>
      </trkpt>
      <trkpt lat="51.529991" lon="5.682171">
        <ele>13.63</ele>
      </trkpt>
      <trkpt lat="51.530115" lon="5.682113">
        <ele>13.34</ele>
      </trkpt>
      <trkpt lat="51.531045" lon="5.681817">
        <ele>12.05</ele>
      </trkpt>
      <trkpt lat="51.533088" lon="5.681196">
        <ele>15.16</ele>
      </trkpt>
      <trkpt lat="51.533229" lon="5.681128">
        <ele>15.32</ele>
      </trkpt>
      <trkpt lat="51.533346" lon="5.680952">
        <ele>15.7</ele>
      </trkpt>
      <trkpt lat="51.537036" lon="5.678581">
        <ele>14.14</ele>
      </trkpt>
      <trkpt lat="51.537125" lon="5.67854">
        <ele>14.24</ele>
      </trkpt>
      <trkpt lat="51.537216" lon="5.678519">
        <ele>14.35</ele>
      </trkpt>
      <trkpt lat="51.537354" lon="5.678543">
        <ele>14.52</ele>
      </trkpt>
      <trkpt lat="51.537481" lon="5.678639">
        <ele>14.67</ele>
      </trkpt>
      <trkpt lat="51.53756" lon="5.67875">
        <ele>14.76</ele>
      </trkpt>
      <trkpt lat="51.53884" lon="5.68083">
        <ele>14</ele>
      </trkpt>
      <trkpt lat="51.53919" lon="5.68127">
        <ele>13.83</ele>
      </trkpt>
      <trkpt lat="51.53942" lon="5.68149">
        <ele>13.35</ele>
      </trkpt>
      <trkpt lat="51.53967" lon="5.68169">
        <ele>13.64</ele>
      </trkpt>
      <trkpt lat="51.54334" lon="5.68395">
        <ele>14.4</ele>
      </trkpt>
      <trkpt lat="51.54451" lon="5.6847">
        <ele>15</ele>
      </trkpt>
      <trkpt lat="51.544696" lon="5.68473">
        <ele>15</ele>
      </trkpt>
      <trkpt lat="51.544674" lon="5.684102">
        <ele>14.96</ele>
      </trkpt>
      <trkpt lat="51.544584" lon="5.681583">
        <ele>14.81</ele>
      </trkpt>
      <trkpt lat="51.544577" lon="5.681086">
        <ele>14.82</ele>
      </trkpt>
      <trkpt lat="51.544587" lon="5.680641">
        <ele>14.8</ele>
      </trkpt>
      <trkpt lat="51.544599" lon="5.680409">
        <ele>14.79</ele>
      </trkpt>
      <trkpt lat="51.544614" lon="5.680284">
        <ele>14.77</ele>
      </trkpt>
      <trkpt lat="51.544802" lon="5.679668">
        <ele>14.01</ele>
      </trkpt>
      <trkpt lat="51.54503" lon="5.67906">
        <ele>13.2</ele>
      </trkpt>
      <trkpt lat="51.545089" lon="5.678851">
        <ele>13.1</ele>
      </trkpt>
      <trkpt lat="51.545081" lon="5.677651">
        <ele>13.75</ele>
      </trkpt>
      <trkpt lat="51.545061" lon="5.677483">
        <ele>13.88</ele>
      </trkpt>
      <trkpt lat="51.545007" lon="5.6773">
        <ele>13.96</ele>
      </trkpt>
      <trkpt lat="51.544899" lon="5.677101">
        <ele>13.92</ele>
      </trkpt>
      <trkpt lat="51.544863" lon="5.676982">
        <ele>13.92</ele>
      </trkpt>
      <trkpt lat="51.544844" lon="5.676809">
        <ele>13.99</ele>
      </trkpt>
      <trkpt lat="51.544855" lon="5.676672">
        <ele>13.9</ele>
      </trkpt>
      <trkpt lat="51.544887" lon="5.676563">
        <ele>13.85</ele>
      </trkpt>
      <trkpt lat="51.544931" lon="5.676469">
        <ele>13.84</ele>
      </trkpt>
      <trkpt lat="51.54504" lon="5.676333">
        <ele>13.94</ele>
      </trkpt>
      <trkpt lat="51.545089" lon="5.676409">
        <ele>14.15</ele>
      </trkpt>
      <trkpt lat="51.545126" lon="5.676434">
        <ele>14.27</ele>
      </trkpt>
      <trkpt lat="51.545175" lon="5.676442">
        <ele>14.4</ele>
      </trkpt>
      <trkpt lat="51.545209" lon="5.676431">
        <ele>14.47</ele>
      </trkpt>
      <trkpt lat="51.545243" lon="5.676405">
        <ele>14.52</ele>
      </trkpt>
      <trkpt lat="51.545275" lon="5.67636">
        <ele>14.52</ele>
      </trkpt>
      <trkpt lat="51.545299" lon="5.676299">
        <ele>14.47</ele>
      </trkpt>
      <trkpt lat="51.545311" lon="5.676227">
        <ele>14.4</ele>
      </trkpt>
      <trkpt lat="51.545452" lon="5.676156">
        <ele>14.48</ele>
      </trkpt>
      <trkpt lat="51.545626" lon="5.676126">
        <ele>14.66</ele>
      </trkpt>
      <trkpt lat="51.545771" lon="5.676128">
        <ele>14.84</ele>
      </trkpt>
      <trkpt lat="51.545906" lon="5.676154">
        <ele>15.03</ele>
      </trkpt>
      <trkpt lat="51.546508" lon="5.67651">
        <ele>15.5</ele>
      </trkpt>
      <trkpt lat="51.546753" lon="5.676632">
        <ele>15.31</ele>
      </trkpt>
      <trkpt lat="51.547081" lon="5.676743">
        <ele>14.86</ele>
      </trkpt>
      <trkpt lat="51.547179" lon="5.67671">
        <ele>14.78</ele>
      </trkpt>
      <trkpt lat="51.547122" lon="5.676881">
        <ele>14.67</ele>
      </trkpt>
      <trkpt lat="51.547116" lon="5.677053">
        <ele>14.52</ele>
      </trkpt>
      <trkpt lat="51.547125" lon="5.677137">
        <ele>14.43</ele>
      </trkpt>
      <trkpt lat="51.547148" lon="5.677235">
        <ele>14.33</ele>
      </trkpt>
      <trkpt lat="51.547142" lon="5.677382">
        <ele>14.21</ele>
      </trkpt>
      <trkpt lat="51.54715" lon="5.67744">
        <ele>14.15</ele>
      </trkpt>
      <trkpt lat="51.547209" lon="5.677584">
        <ele>14.02</ele>
      </trkpt>
      <trkpt lat="51.547236" lon="5.677628">
        <ele>14.02</ele>
      </trkpt>
      <trkpt lat="51.547374" lon="5.67785">
        <ele>14.02</ele>
      </trkpt>
      <trkpt lat="51.547862" lon="5.678654">
        <ele>14.91</ele>
      </trkpt>
      <trkpt lat="51.548003" lon="5.678926">
        <ele>14.88</ele>
      </trkpt>
      <trkpt lat="51.548078" lon="5.679148">
        <ele>14.94</ele>
      </trkpt>
      <trkpt lat="51.548224" lon="5.679717">
        <ele>15.06</ele>
      </trkpt>
      <trkpt lat="51.548287" lon="5.680031">
        <ele>15.24</ele>
      </trkpt>
      <trkpt lat="51.548333" lon="5.680374">
        <ele>15.38</ele>
      </trkpt>
      <trkpt lat="51.548471" lon="5.681923">
        <ele>15.71</ele>
      </trkpt>
      <trkpt lat="51.548537" lon="5.682356">
        <ele>15.87</ele>
      </trkpt>
      <trkpt lat="51.548944" lon="5.683753">
        <ele>15.16</ele>
      </trkpt>
      <trkpt lat="51.549023" lon="5.683905">
        <ele>15.28</ele>
      </trkpt>
      <trkpt lat="51.549161" lon="5.684001">
        <ele>15.45</ele>
      </trkpt>
      <trkpt lat="51.549337" lon="5.683957">
        <ele>15.55</ele>
      </trkpt>
      <trkpt lat="51.549692" lon="5.683762">
        <ele>15.9</ele>
      </trkpt>
      <trkpt lat="51.54998" lon="5.683674">
        <ele>16.42</ele>
      </trkpt>
      <trkpt lat="51.550667" lon="5.683551">
        <ele>16.02</ele>
      </trkpt>
      <trkpt lat="51.550779" lon="5.683661">
        <ele>15.75</ele>
      </trkpt>
      <trkpt lat="51.550841" lon="5.683821">
        <ele>15.6</ele>
      </trkpt>
      <trkpt lat="51.551005" lon="5.684581">
        <ele>15.53</ele>
      </trkpt>
      <trkpt lat="51.551058" lon="5.684752">
        <ele>15.62</ele>
      </trkpt>
      <trkpt lat="51.551111" lon="5.684828">
        <ele>15.66</ele>
      </trkpt>
      <trkpt lat="51.551177" lon="5.684725">
        <ele>15.58</ele>
      </trkpt>
      <trkpt lat="51.551227" lon="5.684688">
        <ele>15.59</ele>
      </trkpt>
      <trkpt lat="51.5519" lon="5.684197">
        <ele>15.97</ele>
      </trkpt>
      <trkpt lat="51.552055" lon="5.68407">
        <ele>16.16</ele>
      </trkpt>
      <trkpt lat="51.552523" lon="5.683577">
        <ele>16.72</ele>
      </trkpt>
      <trkpt lat="51.552781" lon="5.683364">
        <ele>17.03</ele>
      </trkpt>
      <trkpt lat="51.552966" lon="5.683257">
        <ele>17.3</ele>
      </trkpt>
      <trkpt lat="51.553352" lon="5.683087">
        <ele>18.02</ele>
      </trkpt>
      <trkpt lat="51.553444" lon="5.683048">
        <ele>18.22</ele>
      </trkpt>
      <trkpt lat="51.553516" lon="5.683052">
        <ele>18.34</ele>
      </trkpt>
      <trkpt lat="51.553619" lon="5.682682">
        <ele>18.95</ele>
      </trkpt>
      <trkpt lat="51.553635" lon="5.682627">
        <ele>19.04</ele>
      </trkpt>
      <trkpt lat="51.553718" lon="5.682516">
        <ele>19.25</ele>
      </trkpt>
      <trkpt lat="51.55461" lon="5.681855">
        <ele>19.34</ele>
      </trkpt>
      <trkpt lat="51.554856" lon="5.681611">
        <ele>18.96</ele>
      </trkpt>
      <trkpt lat="51.554944" lon="5.681543">
        <ele>18.81</ele>
      </trkpt>
      <trkpt lat="51.55505" lon="5.681498">
        <ele>18.52</ele>
      </trkpt>
      <trkpt lat="51.555166" lon="5.681478">
        <ele>18.1</ele>
      </trkpt>
      <trkpt lat="51.555844" lon="5.681681">
        <ele>16.99</ele>
      </trkpt>
      <trkpt lat="51.556279" lon="5.681754">
        <ele>16.75</ele>
      </trkpt>
      <trkpt lat="51.556268" lon="5.681424">
        <ele>16.37</ele>
      </trkpt>
      <trkpt lat="51.556265" lon="5.680697">
        <ele>15.79</ele>
      </trkpt>
      <trkpt lat="51.55628" lon="5.680507">
        <ele>15.78</ele>
      </trkpt>
      <trkpt lat="51.556366" lon="5.680021">
        <ele>15.67</ele>
      </trkpt>
      <trkpt lat="51.556386" lon="5.679872">
        <ele>15.65</ele>
      </trkpt>
      <trkpt lat="51.556373" lon="5.679777">
        <ele>15.66</ele>
      </trkpt>
      <trkpt lat="51.55671" lon="5.679888">
        <ele>15.31</ele>
      </trkpt>
      <trkpt lat="51.55706" lon="5.68">
        <ele>15</ele>
      </trkpt>
      <trkpt lat="51.557117" lon="5.680053">
        <ele>15</ele>
      </trkpt>
      <trkpt lat="51.557251" lon="5.68007">
        <ele>15</ele>
      </trkpt>
      <trkpt lat="51.557303" lon="5.680028">
        <ele>15</ele>
      </trkpt>
      <trkpt lat="51.55764" lon="5.679966">
        <ele>15</ele>
      </trkpt>
      <trkpt lat="51.557805" lon="5.679917">
        <ele>15.09</ele>
      </trkpt>
      <trkpt lat="51.558303" lon="5.679696">
        <ele>15.98</ele>
      </trkpt>
      <trkpt lat="51.558357" lon="5.679696">
        <ele>16.07</ele>
      </trkpt>
      <trkpt lat="51.558402" lon="5.679713">
        <ele>16.17</ele>
      </trkpt>
      <trkpt lat="51.558506" lon="5.679784">
        <ele>16.44</ele>
      </trkpt>
      <trkpt lat="51.558568" lon="5.679875">
        <ele>16.66</ele>
      </trkpt>
      <trkpt lat="51.558611" lon="5.67998">
        <ele>16.8</ele>
      </trkpt>
      <trkpt lat="51.558647" lon="5.680146">
        <ele>16.87</ele>
      </trkpt>
      <trkpt lat="51.558688" lon="5.68043">
        <ele>16.82</ele>
      </trkpt>
      <trkpt lat="51.558719" lon="5.680572">
        <ele>16.78</ele>
      </trkpt>
      <trkpt lat="51.558757" lon="5.680695">
        <ele>16.74</ele>
      </trkpt>
      <trkpt lat="51.558858" lon="5.680926">
        <ele>16.67</ele>
      </trkpt>
      <trkpt lat="51.559034" lon="5.681287">
        <ele>16.69</ele>
      </trkpt>
      <trkpt lat="51.558998" lon="5.681364">
        <ele>16.76</ele>
      </trkpt>
      <trkpt lat="51.558993" lon="5.681418">
        <ele>16.79</ele>
      </trkpt>
      <trkpt lat="51.559003" lon="5.681479">
        <ele>16.82</ele>
      </trkpt>
      <trkpt lat="51.55902" lon="5.681519">
        <ele>16.84</ele>
      </trkpt>
      <trkpt lat="51.559056" lon="5.681556">
        <ele>16.85</ele>
      </trkpt>
      <trkpt lat="51.559099" lon="5.681563">
        <ele>16.84</ele>
      </trkpt>
      <trkpt lat="51.55914" lon="5.681539">
        <ele>16.81</ele>
      </trkpt>
      <trkpt lat="51.559172" lon="5.681481">
        <ele>16.75</ele>
      </trkpt>
      <trkpt lat="51.559182" lon="5.681421">
        <ele>16.7</ele>
      </trkpt>
      <trkpt lat="51.559179" lon="5.68137">
        <ele>16.65</ele>
      </trkpt>
      <trkpt lat="51.559153" lon="5.681302">
        <ele>16.61</ele>
      </trkpt>
      <trkpt lat="51.559212" lon="5.68123">
        <ele>16.51</ele>
      </trkpt>
      <trkpt lat="51.559335" lon="5.68114">
        <ele>16.32</ele>
      </trkpt>
      <trkpt lat="51.559913" lon="5.680646">
        <ele>15.27</ele>
      </trkpt>
      <trkpt lat="51.560025" lon="5.680537">
        <ele>15.14</ele>
      </trkpt>
      <trkpt lat="51.56025" lon="5.680287">
        <ele>15</ele>
      </trkpt>
      <trkpt lat="51.560471" lon="5.680017">
        <ele>14.69</ele>
      </trkpt>
      <trkpt lat="51.560769" lon="5.679603">
        <ele>14.53</ele>
      </trkpt>
      <trkpt lat="51.560834" lon="5.679391">
        <ele>14.64</ele>
      </trkpt>
      <trkpt lat="51.561066" lon="5.678855">
        <ele>14.97</ele>
      </trkpt>
      <trkpt lat="51.561269" lon="5.678471">
        <ele>15</ele>
      </trkpt>
      <trkpt lat="51.561461" lon="5.678125">
        <ele>14.57</ele>
      </trkpt>
      <trkpt lat="51.561507" lon="5.678057">
        <ele>14.53</ele>
      </trkpt>
      <trkpt lat="51.561691" lon="5.6778">
        <ele>14.56</ele>
      </trkpt>
      <trkpt lat="51.561942" lon="5.67749">
        <ele>15</ele>
      </trkpt>
      <trkpt lat="51.561981" lon="5.677411">
        <ele>15</ele>
      </trkpt>
      <trkpt lat="51.562026" lon="5.677344">
        <ele>15</ele>
      </trkpt>
      <trkpt lat="51.56212" lon="5.677253">
        <ele>15</ele>
      </trkpt>
      <trkpt lat="51.562381" lon="5.67689">
        <ele>15</ele>
      </trkpt>
      <trkpt lat="51.56256" lon="5.676725">
        <ele>14.93</ele>
      </trkpt>
      <trkpt lat="51.56314" lon="5.676288">
        <ele>14.41</ele>
      </trkpt>
      <trkpt lat="51.563267" lon="5.676123">
        <ele>14.21</ele>
      </trkpt>
      <trkpt lat="51.563606" lon="5.675579">
        <ele>14</ele>
      </trkpt>
      <trkpt lat="51.563964" lon="5.674877">
        <ele>14.13</ele>
      </trkpt>
      <trkpt lat="51.564817" lon="5.672728">
        <ele>14.6</ele>
      </trkpt>
      <trkpt lat="51.564872" lon="5.672547">
        <ele>14.47</ele>
      </trkpt>
      <trkpt lat="51.565097" lon="5.671489">
        <ele>14.41</ele>
      </trkpt>
      <trkpt lat="51.565209" lon="5.671168">
        <ele>14.7</ele>
      </trkpt>
      <trkpt lat="51.565389" lon="5.670765">
        <ele>14.85</ele>
      </trkpt>
      <trkpt lat="51.565616" lon="5.670332">
        <ele>14.57</ele>
      </trkpt>
      <trkpt lat="51.565699" lon="5.670217">
        <ele>14.47</ele>
      </trkpt>
      <trkpt lat="51.565784" lon="5.670121">
        <ele>14.37</ele>
      </trkpt>
      <trkpt lat="51.565871" lon="5.670049">
        <ele>14.25</ele>
      </trkpt>
      <trkpt lat="51.565997" lon="5.669988">
        <ele>14.1</ele>
      </trkpt>
      <trkpt lat="51.566314" lon="5.669899">
        <ele>13.8</ele>
      </trkpt>
      <trkpt lat="51.566548" lon="5.669804">
        <ele>13.66</ele>
      </trkpt>
      <trkpt lat="51.566765" lon="5.669655">
        <ele>13.64</ele>
      </trkpt>
      <trkpt lat="51.566887" lon="5.669538">
        <ele>13.7</ele>
      </trkpt>
      <trkpt lat="51.566996" lon="5.669415">
        <ele>13.77</ele>
      </trkpt>
      <trkpt lat="51.567196" lon="5.669092">
        <ele>13.68</ele>
      </trkpt>
      <trkpt lat="51.57244" lon="5.659521">
        <ele>13.07</ele>
      </trkpt>
      <trkpt lat="51.572826" lon="5.658781">
        <ele>12.15</ele>
      </trkpt>
      <trkpt lat="51.573026" lon="5.658307">
        <ele>12.63</ele>
      </trkpt>
      <trkpt lat="51.573217" lon="5.657769">
        <ele>13.09</ele>
      </trkpt>
      <trkpt lat="51.57335" lon="5.65732">
        <ele>13.41</ele>
      </trkpt>
      <trkpt lat="51.573451" lon="5.657384">
        <ele>13.65</ele>
      </trkpt>
      <trkpt lat="51.573558" lon="5.657494">
        <ele>13.89</ele>
      </trkpt>
      <trkpt lat="51.57365" lon="5.657656">
        <ele>13.93</ele>
      </trkpt>
      <trkpt lat="51.573695" lon="5.65776">
        <ele>13.86</ele>
      </trkpt>
      <trkpt lat="51.573745" lon="5.658053">
        <ele>13.73</ele>
      </trkpt>
      <trkpt lat="51.573774" lon="5.658795">
        <ele>13.57</ele>
      </trkpt>
      <trkpt lat="51.573994" lon="5.658779">
        <ele>13.04</ele>
      </trkpt>
      <trkpt lat="51.574057" lon="5.658768">
        <ele>12.89</ele>
      </trkpt>
      <trkpt lat="51.57733" lon="5.65719">
        <ele>12</ele>
      </trkpt>
      <trkpt lat="51.57817" lon="5.6627">
        <ele>12.57</ele>
      </trkpt>
      <trkpt lat="51.578247" lon="5.663588">
        <ele>12.69</ele>
      </trkpt>
      <trkpt lat="51.578446" lon="5.665868">
        <ele>13</ele>
      </trkpt>
      <trkpt lat="51.578173" lon="5.665982">
        <ele>13.04</ele>
      </trkpt>
      <trkpt lat="51.577792" lon="5.66602">
        <ele>12.93</ele>
      </trkpt>
      <trkpt lat="51.57395" lon="5.666395">
        <ele>11.73</ele>
      </trkpt>
      <trkpt lat="51.574063" lon="5.668145">
        <ele>12.23</ele>
      </trkpt>
      <trkpt lat="51.574829" lon="5.67999">
        <ele>15.08</ele>
      </trkpt>
      <trkpt lat="51.57596" lon="5.68715">
        <ele>15</ele>
      </trkpt>
      <trkpt lat="51.57645" lon="5.68904">
        <ele>15</ele>
      </trkpt>
      <trkpt lat="51.57655" lon="5.68924">
        <ele>15</ele>
      </trkpt>
      <trkpt lat="51.57685" lon="5.68966">
        <ele>15.45</ele>
      </trkpt>
      <trkpt lat="51.5769" lon="5.68977">
        <ele>15.59</ele>
      </trkpt>
      <trkpt lat="51.576914" lon="5.689866">
        <ele>15.7</ele>
      </trkpt>
      <trkpt lat="51.576918" lon="5.690114">
        <ele>16</ele>
      </trkpt>
      <trkpt lat="51.576913" lon="5.690211">
        <ele>16</ele>
      </trkpt>
      <trkpt lat="51.57687" lon="5.69051">
        <ele>16</ele>
      </trkpt>
      <trkpt lat="51.576869" lon="5.690667">
        <ele>16</ele>
      </trkpt>
      <trkpt lat="51.576892" lon="5.690817">
        <ele>16</ele>
      </trkpt>
      <trkpt lat="51.576983" lon="5.691203">
        <ele>16.13</ele>
      </trkpt>
      <trkpt lat="51.578615" lon="5.698081">
        <ele>18.07</ele>
      </trkpt>
      <trkpt lat="51.578631" lon="5.69836">
        <ele>18.16</ele>
      </trkpt>
      <trkpt lat="51.578625" lon="5.698822">
        <ele>19</ele>
      </trkpt>
      <trkpt lat="51.57851" lon="5.7029">
        <ele>23.75</ele>
      </trkpt>
      <trkpt lat="51.57845" lon="5.70337">
        <ele>24.82</ele>
      </trkpt>
      <trkpt lat="51.57828" lon="5.70407">
        <ele>24.54</ele>
      </trkpt>
      <trkpt lat="51.5782" lon="5.70461">
        <ele>24.07</ele>
      </trkpt>
      <trkpt lat="51.57804" lon="5.70774">
        <ele>24.48</ele>
      </trkpt>
      <trkpt lat="51.57805" lon="5.70798">
        <ele>24.75</ele>
      </trkpt>
      <trkpt lat="51.578346" lon="5.709035">
        <ele>23.69</ele>
      </trkpt>
      <trkpt lat="51.578552" lon="5.709822">
        <ele>21.76</ele>
      </trkpt>
      <trkpt lat="51.579306" lon="5.712465">
        <ele>21</ele>
      </trkpt>
      <trkpt lat="51.579344" lon="5.712737">
        <ele>21.14</ele>
      </trkpt>
      <trkpt lat="51.579386" lon="5.713305">
        <ele>21.82</ele>
      </trkpt>
      <trkpt lat="51.579232" lon="5.713475">
        <ele>22.05</ele>
      </trkpt>
      <trkpt lat="51.579087" lon="5.713613">
        <ele>22.23</ele>
      </trkpt>
      <trkpt lat="51.579018" lon="5.71364">
        <ele>22.23</ele>
      </trkpt>
      <trkpt lat="51.578683" lon="5.713666">
        <ele>22.05</ele>
      </trkpt>
      <trkpt lat="51.578605" lon="5.713655">
        <ele>22.01</ele>
      </trkpt>
      <trkpt lat="51.57856" lon="5.713956">
        <ele>22.04</ele>
      </trkpt>
      <trkpt lat="51.57851" lon="5.71429">
        <ele>22.11</ele>
      </trkpt>
      <trkpt lat="51.578471" lon="5.714508">
        <ele>22.42</ele>
      </trkpt>
      <trkpt lat="51.578469" lon="5.71456">
        <ele>22.48</ele>
      </trkpt>
      <trkpt lat="51.5785" lon="5.714686">
        <ele>22.6</ele>
      </trkpt>
      <trkpt lat="51.578613" lon="5.714982">
        <ele>22.91</ele>
      </trkpt>
      <trkpt lat="51.57879" lon="5.715405">
        <ele>23.51</ele>
      </trkpt>
      <trkpt lat="51.579269" lon="5.716413">
        <ele>23.42</ele>
      </trkpt>
      <trkpt lat="51.579702" lon="5.717234">
        <ele>23.59</ele>
      </trkpt>
      <trkpt lat="51.580155" lon="5.717994">
        <ele>23.71</ele>
      </trkpt>
      <trkpt lat="51.580511" lon="5.718665">
        <ele>22.52</ele>
      </trkpt>
      <trkpt lat="51.581172" lon="5.719949">
        <ele>21.98</ele>
      </trkpt>
      <trkpt lat="51.581842" lon="5.721101">
        <ele>22.14</ele>
      </trkpt>
      <trkpt lat="51.582182" lon="5.720625">
        <ele>21.84</ele>
      </trkpt>
      <trkpt lat="51.583066" lon="5.719384">
        <ele>21.08</ele>
      </trkpt>
      <trkpt lat="51.583111" lon="5.719392">
        <ele>21.07</ele>
      </trkpt>
      <trkpt lat="51.583162" lon="5.719745">
        <ele>21.29</ele>
      </trkpt>
      <trkpt lat="51.583227" lon="5.720029">
        <ele>21.23</ele>
      </trkpt>
      <trkpt lat="51.584096" lon="5.723785">
        <ele>20.4</ele>
      </trkpt>
      <trkpt lat="51.584162" lon="5.724044">
        <ele>20.32</ele>
      </trkpt>
      <trkpt lat="51.585411" lon="5.72966">
        <ele>22.18</ele>
      </trkpt>
      <trkpt lat="51.585478" lon="5.729896">
        <ele>21.88</ele>
      </trkpt>
      <trkpt lat="51.585515" lon="5.730121">
        <ele>21.7</ele>
      </trkpt>
      <trkpt lat="51.585685" lon="5.730814">
        <ele>21.49</ele>
      </trkpt>
      <trkpt lat="51.585929" lon="5.731508">
        <ele>21.07</ele>
      </trkpt>
      <trkpt lat="51.5873" lon="5.73502">
        <ele>21.43</ele>
      </trkpt>
      <trkpt lat="51.586617" lon="5.735442">
        <ele>21.78</ele>
      </trkpt>
      <trkpt lat="51.58129" lon="5.73873">
        <ele>21.69</ele>
      </trkpt>
      <trkpt lat="51.57862" lon="5.74036">
        <ele>22.7</ele>
      </trkpt>
      <trkpt lat="51.57574" lon="5.742139">
        <ele>23.32</ele>
      </trkpt>
      <trkpt lat="51.575161" lon="5.742485">
        <ele>22.66</ele>
      </trkpt>
      <trkpt lat="51.57442" lon="5.74294">
        <ele>21.99</ele>
      </trkpt>
      <trkpt lat="51.57124" lon="5.74496">
        <ele>21.8</ele>
      </trkpt>
      <trkpt lat="51.57107" lon="5.74502">
        <ele>21.91</ele>
      </trkpt>
      <trkpt lat="51.57056" lon="5.74504">
        <ele>22.54</ele>
      </trkpt>
      <trkpt lat="51.5703" lon="5.74513">
        <ele>22.95</ele>
      </trkpt>
      <trkpt lat="51.57022" lon="5.7452">
        <ele>22.96</ele>
      </trkpt>
      <trkpt lat="51.56759" lon="5.74851">
        <ele>24.1</ele>
      </trkpt>
      <trkpt lat="51.567478" lon="5.748607">
        <ele>24.94</ele>
      </trkpt>
      <trkpt lat="51.567371" lon="5.748636">
        <ele>25.66</ele>
      </trkpt>
      <trkpt lat="51.567316" lon="5.748617">
        <ele>25.96</ele>
      </trkpt>
      <trkpt lat="51.56723" lon="5.74853">
        <ele>26.33</ele>
      </trkpt>
      <trkpt lat="51.56705" lon="5.74827">
        <ele>26.85</ele>
      </trkpt>
      <trkpt lat="51.56681" lon="5.74786">
        <ele>26.85</ele>
      </trkpt>
      <trkpt lat="51.56665" lon="5.7475">
        <ele>26.42</ele>
      </trkpt>
      <trkpt lat="51.56652" lon="5.74713">
        <ele>26.08</ele>
      </trkpt>
      <trkpt lat="51.56298" lon="5.73413">
        <ele>21.67</ele>
      </trkpt>
      <trkpt lat="51.562474" lon="5.734767">
        <ele>21.55</ele>
      </trkpt>
      <trkpt lat="51.55754" lon="5.74098">
        <ele>21.01</ele>
      </trkpt>
      <trkpt lat="51.55555" lon="5.74354">
        <ele>22.97</ele>
      </trkpt>
      <trkpt lat="51.55532" lon="5.7437">
        <ele>22.98</ele>
      </trkpt>
      <trkpt lat="51.555145" lon="5.74374">
        <ele>22.59</ele>
      </trkpt>
      <trkpt lat="51.555114" lon="5.743735">
        <ele>22.48</ele>
      </trkpt>
      <trkpt lat="51.555093" lon="5.743693">
        <ele>22.4</ele>
      </trkpt>
      <trkpt lat="51.55474" lon="5.74099">
        <ele>22.35</ele>
      </trkpt>
      <trkpt lat="51.5547" lon="5.74085">
        <ele>22.33</ele>
      </trkpt>
      <trkpt lat="51.55355" lon="5.73844">
        <ele>23.02</ele>
      </trkpt>
      <trkpt lat="51.552543" lon="5.739125">
        <ele>21.94</ele>
      </trkpt>
      <trkpt lat="51.551942" lon="5.739622">
        <ele>20.62</ele>
      </trkpt>
      <trkpt lat="51.5517" lon="5.73987">
        <ele>20.41</ele>
      </trkpt>
      <trkpt lat="51.5515" lon="5.73999">
        <ele>20.51</ele>
      </trkpt>
      <trkpt lat="51.548738" lon="5.741205">
        <ele>21.63</ele>
      </trkpt>
      <trkpt lat="51.548688" lon="5.741216">
        <ele>21.65</ele>
      </trkpt>
      <trkpt lat="51.54885" lon="5.74173">
        <ele>21.34</ele>
      </trkpt>
      <trkpt lat="51.549055" lon="5.742258">
        <ele>21.57</ele>
      </trkpt>
      <trkpt lat="51.54941" lon="5.74317">
        <ele>21.98</ele>
      </trkpt>
      <trkpt lat="51.54963" lon="5.74382">
        <ele>21.67</ele>
      </trkpt>
      <trkpt lat="51.551127" lon="5.749912">
        <ele>21.96</ele>
      </trkpt>
      <trkpt lat="51.55267" lon="5.75613">
        <ele>23.1</ele>
      </trkpt>
      <trkpt lat="51.55338" lon="5.75883">
        <ele>25.74</ele>
      </trkpt>
      <trkpt lat="51.55378" lon="5.7605">
        <ele>24.43</ele>
      </trkpt>
      <trkpt lat="51.55389" lon="5.76128">
        <ele>24.67</ele>
      </trkpt>
      <trkpt lat="51.55392" lon="5.76167">
        <ele>25.06</ele>
      </trkpt>
      <trkpt lat="51.55393" lon="5.76222">
        <ele>25.7</ele>
      </trkpt>
      <trkpt lat="51.55391" lon="5.7627">
        <ele>26.36</ele>
      </trkpt>
      <trkpt lat="51.55389" lon="5.76285">
        <ele>26.65</ele>
      </trkpt>
      <trkpt lat="51.55389" lon="5.76416">
        <ele>26.26</ele>
      </trkpt>
      <trkpt lat="51.55394" lon="5.76509">
        <ele>23.93</ele>
      </trkpt>
      <trkpt lat="51.554" lon="5.76563">
        <ele>23.98</ele>
      </trkpt>
      <trkpt lat="51.55442" lon="5.76841">
        <ele>25.04</ele>
      </trkpt>
      <trkpt lat="51.55482" lon="5.77143">
        <ele>24.38</ele>
      </trkpt>
      <trkpt lat="51.55527" lon="5.77453">
        <ele>24.44</ele>
      </trkpt>
      <trkpt lat="51.55625" lon="5.78156">
        <ele>23.18</ele>
      </trkpt>
      <trkpt lat="51.55634" lon="5.78186">
        <ele>23</ele>
      </trkpt>
      <trkpt lat="51.556528" lon="5.782168">
        <ele>23</ele>
      </trkpt>
      <trkpt lat="51.556561" lon="5.78226">
        <ele>23</ele>
      </trkpt>
      <trkpt lat="51.556682" lon="5.782472">
        <ele>23</ele>
      </trkpt>
      <trkpt lat="51.556562" lon="5.782644">
        <ele>22.99</ele>
      </trkpt>
      <trkpt lat="51.556365" lon="5.782966">
        <ele>22.87</ele>
      </trkpt>
      <trkpt lat="51.55616" lon="5.783336">
        <ele>22.93</ele>
      </trkpt>
      <trkpt lat="51.556106" lon="5.783449">
        <ele>22.99</ele>
      </trkpt>
      <trkpt lat="51.555958" lon="5.783759">
        <ele>23.16</ele>
      </trkpt>
      <trkpt lat="51.555876" lon="5.783974">
        <ele>23.26</ele>
      </trkpt>
      <trkpt lat="51.555851" lon="5.7841">
        <ele>23.29</ele>
      </trkpt>
      <trkpt lat="51.55579" lon="5.78424">
        <ele>23.36</ele>
      </trkpt>
      <trkpt lat="51.555526" lon="5.785055">
        <ele>23.97</ele>
      </trkpt>
      <trkpt lat="51.550738" lon="5.801543">
        <ele>31.06</ele>
      </trkpt>
      <trkpt lat="51.549523" lon="5.805605">
        <ele>33.15</ele>
      </trkpt>
      <trkpt lat="51.549448" lon="5.80578">
        <ele>33.16</ele>
      </trkpt>
      <trkpt lat="51.54915" lon="5.806815">
        <ele>30.98</ele>
      </trkpt>
      <trkpt lat="51.549105" lon="5.80682">
        <ele>30.97</ele>
      </trkpt>
      <trkpt lat="51.549062" lon="5.806848">
        <ele>30.92</ele>
      </trkpt>
      <trkpt lat="51.549027" lon="5.806896">
        <ele>30.83</ele>
      </trkpt>
      <trkpt lat="51.548683" lon="5.806693">
        <ele>31.26</ele>
      </trkpt>
      <trkpt lat="51.548522" lon="5.806627">
        <ele>31.19</ele>
      </trkpt>
      <trkpt lat="51.548368" lon="5.806521">
        <ele>31.14</ele>
      </trkpt>
      <trkpt lat="51.548368" lon="5.806521">
        <ele>31.14</ele>
      </trkpt>
      <trkpt lat="51.54066" lon="5.801226">
        <ele>33.74</ele>
      </trkpt>
      <trkpt lat="51.540578" lon="5.801113">
        <ele>34.19</ele>
      </trkpt>
      <trkpt lat="51.540419" lon="5.800979">
        <ele>34.77</ele>
      </trkpt>
      <trkpt lat="51.540306" lon="5.800916">
        <ele>35.06</ele>
      </trkpt>
      <trkpt lat="51.540201" lon="5.800908">
        <ele>35.01</ele>
      </trkpt>
      <trkpt lat="51.53804" lon="5.79939">
        <ele>33.57</ele>
      </trkpt>
      <trkpt lat="51.537481" lon="5.799064">
        <ele>32.53</ele>
      </trkpt>
      <trkpt lat="51.537244" lon="5.798938">
        <ele>32.31</ele>
      </trkpt>
      <trkpt lat="51.536971" lon="5.798831">
        <ele>32.18</ele>
      </trkpt>
      <trkpt lat="51.536689" lon="5.798766">
        <ele>32.38</ele>
      </trkpt>
      <trkpt lat="51.536418" lon="5.798753">
        <ele>32.52</ele>
      </trkpt>
      <trkpt lat="51.536133" lon="5.798774">
        <ele>32.61</ele>
      </trkpt>
      <trkpt lat="51.535921" lon="5.798811">
        <ele>33.48</ele>
      </trkpt>
      <trkpt lat="51.535663" lon="5.798887">
        <ele>34.8</ele>
      </trkpt>
      <trkpt lat="51.535359" lon="5.799013">
        <ele>36.42</ele>
      </trkpt>
      <trkpt lat="51.532494" lon="5.800342">
        <ele>37.17</ele>
      </trkpt>
      <trkpt lat="51.532297" lon="5.800417">
        <ele>37.15</ele>
      </trkpt>
      <trkpt lat="51.532114" lon="5.800466">
        <ele>37.09</ele>
      </trkpt>
      <trkpt lat="51.531898" lon="5.800493">
        <ele>36.97</ele>
      </trkpt>
      <trkpt lat="51.531698" lon="5.800484">
        <ele>36.73</ele>
      </trkpt>
      <trkpt lat="51.531497" lon="5.800444">
        <ele>36.49</ele>
      </trkpt>
      <trkpt lat="51.531295" lon="5.800378">
        <ele>36.25</ele>
      </trkpt>
      <trkpt lat="51.53108" lon="5.800279">
        <ele>35.97</ele>
      </trkpt>
      <trkpt lat="51.516548" lon="5.792319">
        <ele>32.64</ele>
      </trkpt>
      <trkpt lat="51.516045" lon="5.792063">
        <ele>34.35</ele>
      </trkpt>
      <trkpt lat="51.515166" lon="5.791748">
        <ele>33.64</ele>
      </trkpt>
      <trkpt lat="51.51335" lon="5.79123">
        <ele>30.74</ele>
      </trkpt>
      <trkpt lat="51.512589" lon="5.791033">
        <ele>28.66</ele>
      </trkpt>
      <trkpt lat="51.511629" lon="5.790835">
        <ele>28.1</ele>
      </trkpt>
      <trkpt lat="51.510976" lon="5.790767">
        <ele>28</ele>
      </trkpt>
      <trkpt lat="51.510509" lon="5.790754">
        <ele>28</ele>
      </trkpt>
      <trkpt lat="51.509947" lon="5.790688">
        <ele>27.27</ele>
      </trkpt>
      <trkpt lat="51.5095" lon="5.7906">
        <ele>26.2</ele>
      </trkpt>
      <trkpt lat="51.508119" lon="5.790243">
        <ele>25.48</ele>
      </trkpt>
      <trkpt lat="51.506053" lon="5.789625">
        <ele>25.99</ele>
      </trkpt>
      <trkpt lat="51.505315" lon="5.789416">
        <ele>25.34</ele>
      </trkpt>
      <trkpt lat="51.505236" lon="5.789356">
        <ele>25.15</ele>
      </trkpt>
      <trkpt lat="51.504605" lon="5.7892">
        <ele>25.75</ele>
      </trkpt>
      <trkpt lat="51.504204" lon="5.789045">
        <ele>25.67</ele>
      </trkpt>
      <trkpt lat="51.50418" lon="5.788955">
        <ele>25.6</ele>
      </trkpt>
      <trkpt lat="51.504158" lon="5.78892">
        <ele>25.55</ele>
      </trkpt>
      <trkpt lat="51.504146" lon="5.788524">
        <ele>25.37</ele>
      </trkpt>
      <trkpt lat="51.503633" lon="5.786664">
        <ele>25.52</ele>
      </trkpt>
      <trkpt lat="51.503249" lon="5.785296">
        <ele>26</ele>
      </trkpt>
      <trkpt lat="51.50319" lon="5.78497">
        <ele>26.09</ele>
      </trkpt>
      <trkpt lat="51.503166" lon="5.784663">
        <ele>26.28</ele>
      </trkpt>
      <trkpt lat="51.503166" lon="5.784045">
        <ele>26.5</ele>
      </trkpt>
      <trkpt lat="51.503245" lon="5.783773">
        <ele>26.41</ele>
      </trkpt>
      <trkpt lat="51.503268" lon="5.783661">
        <ele>26.38</ele>
      </trkpt>
      <trkpt lat="51.503289" lon="5.78345">
        <ele>26.34</ele>
      </trkpt>
      <trkpt lat="51.503185" lon="5.781825">
        <ele>25.48</ele>
      </trkpt>
      <trkpt lat="51.503106" lon="5.780718">
        <ele>26.57</ele>
      </trkpt>
      <trkpt lat="51.503102" lon="5.780571">
        <ele>26.58</ele>
      </trkpt>
      <trkpt lat="51.503086" lon="5.780501">
        <ele>26.6</ele>
      </trkpt>
      <trkpt lat="51.503011" lon="5.780348">
        <ele>26.69</ele>
      </trkpt>
      <trkpt lat="51.502996" lon="5.780274">
        <ele>26.7</ele>
      </trkpt>
      <trkpt lat="51.502974" lon="5.779028">
        <ele>26</ele>
      </trkpt>
      <trkpt lat="51.502868" lon="5.777606">
        <ele>27</ele>
      </trkpt>
      <trkpt lat="51.502799" lon="5.776368">
        <ele>26.97</ele>
      </trkpt>
      <trkpt lat="51.502762" lon="5.775437">
        <ele>26.99</ele>
      </trkpt>
      <trkpt lat="51.502732" lon="5.775109">
        <ele>27</ele>
      </trkpt>
      <trkpt lat="51.50258" lon="5.773746">
        <ele>26.66</ele>
      </trkpt>
      <trkpt lat="51.50252" lon="5.77294">
        <ele>25.99</ele>
      </trkpt>
      <trkpt lat="51.502475" lon="5.772623">
        <ele>25.67</ele>
      </trkpt>
      <trkpt lat="51.502262" lon="5.771916">
        <ele>25.06</ele>
      </trkpt>
      <trkpt lat="51.501978" lon="5.771147">
        <ele>24.94</ele>
      </trkpt>
      <trkpt lat="51.501874" lon="5.770786">
        <ele>25</ele>
      </trkpt>
      <trkpt lat="51.501791" lon="5.770392">
        <ele>25</ele>
      </trkpt>
      <trkpt lat="51.501706" lon="5.769794">
        <ele>24.9</ele>
      </trkpt>
      <trkpt lat="51.501676" lon="5.769268">
        <ele>24.71</ele>
      </trkpt>
      <trkpt lat="51.501675" lon="5.768968">
        <ele>24.71</ele>
      </trkpt>
      <trkpt lat="51.50171" lon="5.767806">
        <ele>24.16</ele>
      </trkpt>
      <trkpt lat="51.5017" lon="5.767087">
        <ele>24</ele>
      </trkpt>
      <trkpt lat="51.501583" lon="5.764398">
        <ele>24.92</ele>
      </trkpt>
      <trkpt lat="51.501576" lon="5.763928">
        <ele>24.77</ele>
      </trkpt>
      <trkpt lat="51.501589" lon="5.763516">
        <ele>24.82</ele>
      </trkpt>
      <trkpt lat="51.501615" lon="5.763127">
        <ele>24.51</ele>
      </trkpt>
      <trkpt lat="51.501792" lon="5.761142">
        <ele>23</ele>
      </trkpt>
      <trkpt lat="51.502482" lon="5.753652">
        <ele>25.03</ele>
      </trkpt>
      <trkpt lat="51.502617" lon="5.752119">
        <ele>24.52</ele>
      </trkpt>
      <trkpt lat="51.502751" lon="5.750799">
        <ele>25</ele>
      </trkpt>
      <trkpt lat="51.502781" lon="5.750597">
        <ele>25.14</ele>
      </trkpt>
      <trkpt lat="51.502858" lon="5.75036">
        <ele>25.51</ele>
      </trkpt>
      <trkpt lat="51.502875" lon="5.750271">
        <ele>25.59</ele>
      </trkpt>
      <trkpt lat="51.50288" lon="5.750133">
        <ele>25.62</ele>
      </trkpt>
      <trkpt lat="51.502867" lon="5.750049">
        <ele>25.48</ele>
      </trkpt>
      <trkpt lat="51.50291" lon="5.750006">
        <ele>25.65</ele>
      </trkpt>
      <trkpt lat="51.502922" lon="5.74997">
        <ele>25.68</ele>
      </trkpt>
      <trkpt lat="51.502924" lon="5.749919">
        <ele>25.64</ele>
      </trkpt>
      <trkpt lat="51.502906" lon="5.749853">
        <ele>25.48</ele>
      </trkpt>
      <trkpt lat="51.502886" lon="5.749829">
        <ele>25.35</ele>
      </trkpt>
      <trkpt lat="51.502836" lon="5.749819">
        <ele>25.08</ele>
      </trkpt>
      <trkpt lat="51.50282" lon="5.749739">
        <ele>24.91</ele>
      </trkpt>
      <trkpt lat="51.502826" lon="5.749571">
        <ele>24.76</ele>
      </trkpt>
      <trkpt lat="51.502866" lon="5.749307">
        <ele>24.71</ele>
      </trkpt>
      <trkpt lat="51.502866" lon="5.749307">
        <ele>24.71</ele>
      </trkpt>
      <trkpt lat="51.502885" lon="5.749178">
        <ele>24.69</ele>
      </trkpt>
      <trkpt lat="51.502996" lon="5.748138">
        <ele>24.7</ele>
      </trkpt>
      <trkpt lat="51.50307" lon="5.74758">
        <ele>24.73</ele>
      </trkpt>
      <trkpt lat="51.503155" lon="5.747147">
        <ele>24.42</ele>
      </trkpt>
      <trkpt lat="51.503269" lon="5.746694">
        <ele>23.96</ele>
      </trkpt>
      <trkpt lat="51.50343" lon="5.74618">
        <ele>23.86</ele>
      </trkpt>
      <trkpt lat="51.503695" lon="5.745447">
        <ele>24</ele>
      </trkpt>
      <trkpt lat="51.503869" lon="5.744909">
        <ele>23.74</ele>
      </trkpt>
      <trkpt lat="51.504017" lon="5.744323">
        <ele>23.04</ele>
      </trkpt>
      <trkpt lat="51.504063" lon="5.744087">
        <ele>23</ele>
      </trkpt>
      <trkpt lat="51.504108" lon="5.743786">
        <ele>23</ele>
      </trkpt>
      <trkpt lat="51.50415" lon="5.74336">
        <ele>23.08</ele>
      </trkpt>
      <trkpt lat="51.504163" lon="5.742865">
        <ele>23.49</ele>
      </trkpt>
      <trkpt lat="51.504139" lon="5.742228">
        <ele>23.67</ele>
      </trkpt>
      <trkpt lat="51.504033" lon="5.741204">
        <ele>23.54</ele>
      </trkpt>
      <trkpt lat="51.50395" lon="5.740709">
        <ele>23.44</ele>
      </trkpt>
      <trkpt lat="51.503892" lon="5.740453">
        <ele>23.37</ele>
      </trkpt>
      <trkpt lat="51.503814" lon="5.740229">
        <ele>23.28</ele>
      </trkpt>
      <trkpt lat="51.503769" lon="5.739964">
        <ele>23.07</ele>
      </trkpt>
      <trkpt lat="51.503725" lon="5.739796">
        <ele>22.84</ele>
      </trkpt>
      <trkpt lat="51.503741" lon="5.73975">
        <ele>22.83</ele>
      </trkpt>
      <trkpt lat="51.503746" lon="5.739699">
        <ele>22.78</ele>
      </trkpt>
      <trkpt lat="51.503741" lon="5.739652">
        <ele>22.73</ele>
      </trkpt>
      <trkpt lat="51.503727" lon="5.73961">
        <ele>22.66</ele>
      </trkpt>
      <trkpt lat="51.503706" lon="5.739577">
        <ele>22.59</ele>
      </trkpt>
      <trkpt lat="51.503661" lon="5.739551">
        <ele>22.47</ele>
      </trkpt>
      <trkpt lat="51.503617" lon="5.739561">
        <ele>22.39</ele>
      </trkpt>
      <trkpt lat="51.503575" lon="5.739614">
        <ele>22.4</ele>
      </trkpt>
      <trkpt lat="51.503561" lon="5.739659">
        <ele>22.46</ele>
      </trkpt>
      <trkpt lat="51.503557" lon="5.739709">
        <ele>22.52</ele>
      </trkpt>
      <trkpt lat="51.503564" lon="5.739758">
        <ele>22.57</ele>
      </trkpt>
      <trkpt lat="51.50344" lon="5.739854">
        <ele>22.73</ele>
      </trkpt>
      <trkpt lat="51.503395" lon="5.739918">
        <ele>22.8</ele>
      </trkpt>
      <trkpt lat="51.50334" lon="5.739996">
        <ele>22.89</ele>
      </trkpt>
      <trkpt lat="51.503253" lon="5.740073">
        <ele>22.96</ele>
      </trkpt>
      <trkpt lat="51.502991" lon="5.740267">
        <ele>23</ele>
      </trkpt>
      <trkpt lat="51.502813" lon="5.740379">
        <ele>23</ele>
      </trkpt>
      <trkpt lat="51.50269" lon="5.74043">
        <ele>23</ele>
      </trkpt>
      <trkpt lat="51.501853" lon="5.740696">
        <ele>23</ele>
      </trkpt>
      <trkpt lat="51.501446" lon="5.740849">
        <ele>23</ele>
      </trkpt>
      <trkpt lat="51.501211" lon="5.740922">
        <ele>23</ele>
      </trkpt>
      <trkpt lat="51.500732" lon="5.741247">
        <ele>23.15</ele>
      </trkpt>
      <trkpt lat="51.499955" lon="5.741826">
        <ele>23.65</ele>
      </trkpt>
      <trkpt lat="51.49953" lon="5.74214">
        <ele>23.14</ele>
      </trkpt>
      <trkpt lat="51.499302" lon="5.742331">
        <ele>23</ele>
      </trkpt>
      <trkpt lat="51.499132" lon="5.742502">
        <ele>23</ele>
      </trkpt>
      <trkpt lat="51.499051" lon="5.742611">
        <ele>23</ele>
      </trkpt>
      <trkpt lat="51.498916" lon="5.742823">
        <ele>23.09</ele>
      </trkpt>
      <trkpt lat="51.498696" lon="5.742564">
        <ele>23</ele>
      </trkpt>
      <trkpt lat="51.498596" lon="5.742516">
        <ele>23</ele>
      </trkpt>
      <trkpt lat="51.498511" lon="5.742517">
        <ele>22.91</ele>
      </trkpt>
      <trkpt lat="51.49803" lon="5.74263">
        <ele>22.34</ele>
      </trkpt>
      <trkpt lat="51.497798" lon="5.742671">
        <ele>22.06</ele>
      </trkpt>
      <trkpt lat="51.49744" lon="5.74277">
        <ele>21.69</ele>
      </trkpt>
      <trkpt lat="51.496472" lon="5.743225">
        <ele>21.19</ele>
      </trkpt>
      <trkpt lat="51.4959" lon="5.74355">
        <ele>21.22</ele>
      </trkpt>
      <trkpt lat="51.495146" lon="5.743863">
        <ele>22</ele>
      </trkpt>
      <trkpt lat="51.494485" lon="5.744036">
        <ele>22</ele>
      </trkpt>
      <trkpt lat="51.493704" lon="5.744175">
        <ele>21.15</ele>
      </trkpt>
      <trkpt lat="51.49292" lon="5.744256">
        <ele>21</ele>
      </trkpt>
      <trkpt lat="51.49272" lon="5.74421">
        <ele>20.97</ele>
      </trkpt>
      <trkpt lat="51.49138" lon="5.74322">
        <ele>20.18</ele>
      </trkpt>
      <trkpt lat="51.49117" lon="5.74313">
        <ele>20.35</ele>
      </trkpt>
      <trkpt lat="51.49093" lon="5.7431">
        <ele>20.61</ele>
      </trkpt>
      <trkpt lat="51.4907" lon="5.74315">
        <ele>20.83</ele>
      </trkpt>
      <trkpt lat="51.489109" lon="5.744223">
        <ele>21.63</ele>
      </trkpt>
      <trkpt lat="51.488981" lon="5.744276">
        <ele>21.48</ele>
      </trkpt>
      <trkpt lat="51.488793" lon="5.744236">
        <ele>21.25</ele>
      </trkpt>
      <trkpt lat="51.488577" lon="5.744048">
        <ele>21</ele>
      </trkpt>
      <trkpt lat="51.488306" lon="5.743689">
        <ele>21</ele>
      </trkpt>
      <trkpt lat="51.488147" lon="5.743445">
        <ele>20.98</ele>
      </trkpt>
      <trkpt lat="51.488039" lon="5.743155">
        <ele>20.64</ele>
      </trkpt>
      <trkpt lat="51.487982" lon="5.74289">
        <ele>20.32</ele>
      </trkpt>
      <trkpt lat="51.48791" lon="5.74177">
        <ele>20.02</ele>
      </trkpt>
      <trkpt lat="51.48787" lon="5.74147">
        <ele>20.38</ele>
      </trkpt>
      <trkpt lat="51.487792" lon="5.741138">
        <ele>20.78</ele>
      </trkpt>
      <trkpt lat="51.4874" lon="5.73998">
        <ele>20.55</ele>
      </trkpt>
      <trkpt lat="51.487074" lon="5.73905">
        <ele>21.04</ele>
      </trkpt>
      <trkpt lat="51.486996" lon="5.738882">
        <ele>21.34</ele>
      </trkpt>
      <trkpt lat="51.486871" lon="5.738746">
        <ele>21.65</ele>
      </trkpt>
      <trkpt lat="51.486775" lon="5.738695">
        <ele>21.71</ele>
      </trkpt>
      <trkpt lat="51.48609" lon="5.738476">
        <ele>21.83</ele>
      </trkpt>
      <trkpt lat="51.48579" lon="5.73838">
        <ele>21.88</ele>
      </trkpt>
      <trkpt lat="51.48532" lon="5.73876">
        <ele>21.64</ele>
      </trkpt>
      <trkpt lat="51.48519" lon="5.73884">
        <ele>21.36</ele>
      </trkpt>
      <trkpt lat="51.48487" lon="5.739132">
        <ele>20.2</ele>
      </trkpt>
      <trkpt lat="51.484547" lon="5.739479">
        <ele>19.47</ele>
      </trkpt>
      <trkpt lat="51.484453" lon="5.739553">
        <ele>19.38</ele>
      </trkpt>
      <trkpt lat="51.484359" lon="5.739596">
        <ele>19.43</ele>
      </trkpt>
      <trkpt lat="51.48391" lon="5.73966">
        <ele>20.05</ele>
      </trkpt>
      <trkpt lat="51.48381" lon="5.73971">
        <ele>20.23</ele>
      </trkpt>
      <trkpt lat="51.48331" lon="5.7401">
        <ele>20.97</ele>
      </trkpt>
      <trkpt lat="51.48265" lon="5.74069">
        <ele>20.85</ele>
      </trkpt>
      <trkpt lat="51.48249" lon="5.740917">
        <ele>20.68</ele>
      </trkpt>
      <trkpt lat="51.48167" lon="5.744919">
        <ele>21.11</ele>
      </trkpt>
      <trkpt lat="51.480303" lon="5.751639">
        <ele>22.07</ele>
      </trkpt>
      <trkpt lat="51.479292" lon="5.756569">
        <ele>24.59</ele>
      </trkpt>
      <trkpt lat="51.47868" lon="5.75955">
        <ele>25.59</ele>
      </trkpt>
      <trkpt lat="51.47862" lon="5.75978">
        <ele>25.71</ele>
      </trkpt>
      <trkpt lat="51.47856" lon="5.75992">
        <ele>25.73</ele>
      </trkpt>
      <trkpt lat="51.477101" lon="5.762374">
        <ele>24.45</ele>
      </trkpt>
      <trkpt lat="51.47678" lon="5.76291">
        <ele>23.61</ele>
      </trkpt>
      <trkpt lat="51.476659" lon="5.763094">
        <ele>23.48</ele>
      </trkpt>
      <trkpt lat="51.476552" lon="5.763342">
        <ele>23.45</ele>
      </trkpt>
      <trkpt lat="51.476507" lon="5.763477">
        <ele>23.51</ele>
      </trkpt>
      <trkpt lat="51.476239" lon="5.764757">
        <ele>25.36</ele>
      </trkpt>
      <trkpt lat="51.47573" lon="5.76729">
        <ele>30.09</ele>
      </trkpt>
      <trkpt lat="51.47566" lon="5.76754">
        <ele>29.94</ele>
      </trkpt>
      <trkpt lat="51.47424" lon="5.77419">
        <ele>24.79</ele>
      </trkpt>
      <trkpt lat="51.474039" lon="5.775203">
        <ele>24</ele>
      </trkpt>
      <trkpt lat="51.472841" lon="5.780633">
        <ele>25</ele>
      </trkpt>
      <trkpt lat="51.472756" lon="5.780866">
        <ele>25</ele>
      </trkpt>
      <trkpt lat="51.472402" lon="5.781542">
        <ele>25</ele>
      </trkpt>
      <trkpt lat="51.472311" lon="5.781804">
        <ele>25</ele>
      </trkpt>
      <trkpt lat="51.47226" lon="5.78189">
        <ele>24.94</ele>
      </trkpt>
      <trkpt lat="51.472231" lon="5.78203">
        <ele>24.83</ele>
      </trkpt>
      <trkpt lat="51.472221" lon="5.782204">
        <ele>24.69</ele>
      </trkpt>
      <trkpt lat="51.472037" lon="5.78216">
        <ele>24.62</ele>
      </trkpt>
      <trkpt lat="51.471879" lon="5.782133">
        <ele>24.53</ele>
      </trkpt>
      <trkpt lat="51.471663" lon="5.782133">
        <ele>24.12</ele>
      </trkpt>
      <trkpt lat="51.471401" lon="5.782164">
        <ele>23.6</ele>
      </trkpt>
      <trkpt lat="51.471179" lon="5.78225">
        <ele>23.17</ele>
      </trkpt>
      <trkpt lat="51.470933" lon="5.782376">
        <ele>23</ele>
      </trkpt>
      <trkpt lat="51.470696" lon="5.782568">
        <ele>23</ele>
      </trkpt>
      <trkpt lat="51.470557" lon="5.782792">
        <ele>23.19</ele>
      </trkpt>
      <trkpt lat="51.470377" lon="5.782978">
        <ele>23.42</ele>
      </trkpt>
      <trkpt lat="51.4702" lon="5.7832">
        <ele>23.74</ele>
      </trkpt>
      <trkpt lat="51.469516" lon="5.78414">
        <ele>24.98</ele>
      </trkpt>
      <trkpt lat="51.469566" lon="5.784219">
        <ele>24.98</ele>
      </trkpt>
      <trkpt lat="51.469746" lon="5.784627">
        <ele>25.24</ele>
      </trkpt>
      <trkpt lat="51.47014" lon="5.78552">
        <ele>25.81</ele>
      </trkpt>
      <trkpt lat="51.470647" lon="5.786421">
        <ele>25.23</ele>
      </trkpt>
      <trkpt lat="51.47081" lon="5.78663">
        <ele>25.06</ele>
      </trkpt>
      <trkpt lat="51.47119" lon="5.78708">
        <ele>25.09</ele>
      </trkpt>
      <trkpt lat="51.47167" lon="5.78753">
        <ele>25.09</ele>
      </trkpt>
      <trkpt lat="51.47182" lon="5.78762">
        <ele>25.01</ele>
      </trkpt>
      <trkpt lat="51.4724" lon="5.78766">
        <ele>24.97</ele>
      </trkpt>
      <trkpt lat="51.472515" lon="5.787741">
        <ele>24.87</ele>
      </trkpt>
      <trkpt lat="51.472831" lon="5.788059">
        <ele>24.28</ele>
      </trkpt>
      <trkpt lat="51.472924" lon="5.788142">
        <ele>24.01</ele>
      </trkpt>
      <trkpt lat="51.475017" lon="5.790056">
        <ele>24</ele>
      </trkpt>
      <trkpt lat="51.47536" lon="5.79031">
        <ele>24.03</ele>
      </trkpt>
      <trkpt lat="51.47593" lon="5.79067">
        <ele>24.53</ele>
      </trkpt>
      <trkpt lat="51.47674" lon="5.79127">
        <ele>24.57</ele>
      </trkpt>
      <trkpt lat="51.476523" lon="5.791878">
        <ele>24.93</ele>
      </trkpt>
      <trkpt lat="51.475361" lon="5.795137">
        <ele>26.86</ele>
      </trkpt>
      <trkpt lat="51.474477" lon="5.797582">
        <ele>25</ele>
      </trkpt>
      <trkpt lat="51.474411" lon="5.79772">
        <ele>25</ele>
      </trkpt>
      <trkpt lat="51.47436" lon="5.797794">
        <ele>25</ele>
      </trkpt>
      <trkpt lat="51.474267" lon="5.797964">
        <ele>25</ele>
      </trkpt>
      <trkpt lat="51.473587" lon="5.799455">
        <ele>26.18</ele>
      </trkpt>
      <trkpt lat="51.473555" lon="5.799605">
        <ele>26.37</ele>
      </trkpt>
      <trkpt lat="51.473566" lon="5.799694">
        <ele>26.47</ele>
      </trkpt>
      <trkpt lat="51.47366" lon="5.799946">
        <ele>26.46</ele>
      </trkpt>
      <trkpt lat="51.47406" lon="5.80101">
        <ele>26.42</ele>
      </trkpt>
      <trkpt lat="51.47423" lon="5.80149">
        <ele>26.22</ele>
      </trkpt>
      <trkpt lat="51.474392" lon="5.802213">
        <ele>26.51</ele>
      </trkpt>
      <trkpt lat="51.474304" lon="5.802266">
        <ele>26.61</ele>
      </trkpt>
      <trkpt lat="51.474199" lon="5.80236">
        <ele>26.76</ele>
      </trkpt>
      <trkpt lat="51.473872" lon="5.802544">
        <ele>27.06</ele>
      </trkpt>
      <trkpt lat="51.47294" lon="5.80312">
        <ele>28.35</ele>
      </trkpt>
      <trkpt lat="51.47251" lon="5.803357">
        <ele>28.38</ele>
      </trkpt>
      <trkpt lat="51.47221" lon="5.80349">
        <ele>27.71</ele>
      </trkpt>
      <trkpt lat="51.47159" lon="5.803611">
        <ele>27.39</ele>
      </trkpt>
      <trkpt lat="51.471445" lon="5.803607">
        <ele>27.56</ele>
      </trkpt>
      <trkpt lat="51.471321" lon="5.80359">
        <ele>27.71</ele>
      </trkpt>
      <trkpt lat="51.471227" lon="5.803576">
        <ele>27.82</ele>
      </trkpt>
      <trkpt lat="51.470856" lon="5.803465">
        <ele>27.47</ele>
      </trkpt>
      <trkpt lat="51.470763" lon="5.803451">
        <ele>27.26</ele>
      </trkpt>
      <trkpt lat="51.469969" lon="5.803425">
        <ele>26.38</ele>
      </trkpt>
      <trkpt lat="51.469688" lon="5.803403">
        <ele>26.74</ele>
      </trkpt>
      <trkpt lat="51.469569" lon="5.803356">
        <ele>26.94</ele>
      </trkpt>
      <trkpt lat="51.469471" lon="5.803285">
        <ele>27.15</ele>
      </trkpt>
      <trkpt lat="51.469345" lon="5.803153">
        <ele>27.27</ele>
      </trkpt>
      <trkpt lat="51.468502" lon="5.801493">
        <ele>26.09</ele>
      </trkpt>
      <trkpt lat="51.468348" lon="5.801113">
        <ele>26.28</ele>
      </trkpt>
      <trkpt lat="51.4683" lon="5.800973">
        <ele>26.33</ele>
      </trkpt>
      <trkpt lat="51.468239" lon="5.800507">
        <ele>26.41</ele>
      </trkpt>
      <trkpt lat="51.468264" lon="5.800426">
        <ele>26.38</ele>
      </trkpt>
      <trkpt lat="51.468263" lon="5.800366">
        <ele>26.38</ele>
      </trkpt>
      <trkpt lat="51.46825" lon="5.800315">
        <ele>26.39</ele>
      </trkpt>
      <trkpt lat="51.468227" lon="5.800274">
        <ele>26.42</ele>
      </trkpt>
      <trkpt lat="51.46819" lon="5.800244">
        <ele>26.46</ele>
      </trkpt>
      <trkpt lat="51.468149" lon="5.800241">
        <ele>26.51</ele>
      </trkpt>
      <trkpt lat="51.468094" lon="5.800095">
        <ele>26.53</ele>
      </trkpt>
      <trkpt lat="51.467989" lon="5.799918">
        <ele>26.45</ele>
      </trkpt>
      <trkpt lat="51.467868" lon="5.79967">
        <ele>26.3</ele>
      </trkpt>
      <trkpt lat="51.467526" lon="5.799099">
        <ele>26.11</ele>
      </trkpt>
      <trkpt lat="51.467526" lon="5.799099">
        <ele>25</ele>
      </trkpt>
      <trkpt lat="51.466827" lon="5.797868">
        <ele>25</ele>
      </trkpt>
      <trkpt lat="51.466313" lon="5.797264">
        <ele>25</ele>
      </trkpt>
      <trkpt lat="51.466278" lon="5.797179">
        <ele>25</ele>
      </trkpt>
      <trkpt lat="51.466265" lon="5.797026">
        <ele>25</ele>
      </trkpt>
      <trkpt lat="51.466265" lon="5.796729">
        <ele>25</ele>
      </trkpt>
      <trkpt lat="51.466194" lon="5.796068">
        <ele>25</ele>
      </trkpt>
      <trkpt lat="51.466188" lon="5.795763">
        <ele>25</ele>
      </trkpt>
      <trkpt lat="51.46621" lon="5.794866">
        <ele>25</ele>
      </trkpt>
      <trkpt lat="51.46612" lon="5.79351">
        <ele>25.03</ele>
      </trkpt>
      <trkpt lat="51.466023" lon="5.792535">
        <ele>25.12</ele>
      </trkpt>
      <trkpt lat="51.46597" lon="5.792304">
        <ele>25</ele>
      </trkpt>
      <trkpt lat="51.46532" lon="5.79274">
        <ele>25</ele>
      </trkpt>
      <trkpt lat="51.465237" lon="5.792822">
        <ele>25</ele>
      </trkpt>
      <trkpt lat="51.465108" lon="5.793023">
        <ele>25</ele>
      </trkpt>
      <trkpt lat="51.464629" lon="5.793884">
        <ele>25</ele>
      </trkpt>
      <trkpt lat="51.464272" lon="5.79453">
        <ele>26</ele>
      </trkpt>
      <trkpt lat="51.464096" lon="5.794741">
        <ele>26</ele>
      </trkpt>
      <trkpt lat="51.464031" lon="5.794849">
        <ele>26</ele>
      </trkpt>
      <trkpt lat="51.464094" lon="5.794935">
        <ele>26.12</ele>
      </trkpt>
      <trkpt lat="51.464186" lon="5.795162">
        <ele>26.08</ele>
      </trkpt>
      <trkpt lat="51.464186" lon="5.795162">
        <ele>27.69</ele>
      </trkpt>
      <trkpt lat="51.464392" lon="5.795628">
        <ele>27.98</ele>
      </trkpt>
      <trkpt lat="51.464552" lon="5.795976">
        <ele>27.82</ele>
      </trkpt>
      <trkpt lat="51.464599" lon="5.796104">
        <ele>27.65</ele>
      </trkpt>
      <trkpt lat="51.46471" lon="5.79632">
        <ele>27.37</ele>
      </trkpt>
      <trkpt lat="51.464784" lon="5.796436">
        <ele>27.24</ele>
      </trkpt>
      <trkpt lat="51.464847" lon="5.796477">
        <ele>27.19</ele>
      </trkpt>
      <trkpt lat="51.465112" lon="5.796734">
        <ele>27.01</ele>
      </trkpt>
      <trkpt lat="51.46538" lon="5.79691">
        <ele>27</ele>
      </trkpt>
      <trkpt lat="51.46569" lon="5.79705">
        <ele>27</ele>
      </trkpt>
      <trkpt lat="51.4656" lon="5.79749">
        <ele>27</ele>
      </trkpt>
      <trkpt lat="51.465556" lon="5.797667">
        <ele>27.02</ele>
      </trkpt>
      <trkpt lat="51.465142" lon="5.799336">
        <ele>27.16</ele>
      </trkpt>
      <trkpt lat="51.465023" lon="5.799309">
        <ele>27.29</ele>
      </trkpt>
      <trkpt lat="51.463743" lon="5.799025">
        <ele>27.74</ele>
      </trkpt>
      <trkpt lat="51.462863" lon="5.798798">
        <ele>28.77</ele>
      </trkpt>
      <trkpt lat="51.462692" lon="5.798672">
        <ele>28.94</ele>
      </trkpt>
      <trkpt lat="51.462672" lon="5.798602">
        <ele>28.91</ele>
      </trkpt>
      <trkpt lat="51.462649" lon="5.79856">
        <ele>28.89</ele>
      </trkpt>
      <trkpt lat="51.462618" lon="5.798536">
        <ele>28.85</ele>
      </trkpt>
      <trkpt lat="51.462584" lon="5.798531">
        <ele>28.81</ele>
      </trkpt>
      <trkpt lat="51.462546" lon="5.798552">
        <ele>28.76</ele>
      </trkpt>
      <trkpt lat="51.462518" lon="5.798596">
        <ele>28.73</ele>
      </trkpt>
      <trkpt lat="51.462433" lon="5.798598">
        <ele>28.63</ele>
      </trkpt>
      <trkpt lat="51.462377" lon="5.798581">
        <ele>28.56</ele>
      </trkpt>
      <trkpt lat="51.462316" lon="5.798539">
        <ele>28.49</ele>
      </trkpt>
      <trkpt lat="51.462253" lon="5.798454">
        <ele>28.4</ele>
      </trkpt>
      <trkpt lat="51.462196" lon="5.798358">
        <ele>28.21</ele>
      </trkpt>
      <trkpt lat="51.462149" lon="5.798245">
        <ele>28.02</ele>
      </trkpt>
      <trkpt lat="51.461967" lon="5.797558">
        <ele>27.06</ele>
      </trkpt>
      <trkpt lat="51.46183" lon="5.796998">
        <ele>27.1</ele>
      </trkpt>
      <trkpt lat="51.461523" lon="5.795835">
        <ele>27.54</ele>
      </trkpt>
      <trkpt lat="51.461432" lon="5.795548">
        <ele>27.43</ele>
      </trkpt>
      <trkpt lat="51.461323" lon="5.795138">
        <ele>27.3</ele>
      </trkpt>
      <trkpt lat="51.461306" lon="5.795001">
        <ele>27.23</ele>
      </trkpt>
      <trkpt lat="51.46116739114372" lon="5.794549014599091">
        <ele>27.13458097542266</ele>
      </trkpt>
      <trkpt lat="51.461167" lon="5.794549">
        <ele>26.02</ele>
      </trkpt>
      <trkpt lat="51.46103" lon="5.794101">
        <ele>26</ele>
      </trkpt>
      <trkpt lat="51.460976" lon="5.794143">
        <ele>26</ele>
      </trkpt>
      <trkpt lat="51.460711" lon="5.794337">
        <ele>26</ele>
      </trkpt>
      <trkpt lat="51.460499" lon="5.794462">
        <ele>26</ele>
      </trkpt>
      <trkpt lat="51.459951" lon="5.794846">
        <ele>26.5</ele>
      </trkpt>
      <trkpt lat="51.45947" lon="5.79523">
        <ele>26.29</ele>
      </trkpt>
      <trkpt lat="51.45898" lon="5.79564">
        <ele>26.58</ele>
      </trkpt>
      <trkpt lat="51.458685" lon="5.795913">
        <ele>26.11</ele>
      </trkpt>
      <trkpt lat="51.45813" lon="5.79632">
        <ele>26</ele>
      </trkpt>
      <trkpt lat="51.457617" lon="5.796605">
        <ele>26</ele>
      </trkpt>
      <trkpt lat="51.457578" lon="5.796358">
        <ele>26</ele>
      </trkpt>
      <trkpt lat="51.457503" lon="5.795884">
        <ele>26</ele>
      </trkpt>
      <trkpt lat="51.457448" lon="5.795311">
        <ele>26</ele>
      </trkpt>
      <trkpt lat="51.45778" lon="5.79512">
        <ele>26</ele>
      </trkpt>
      <trkpt lat="51.458125" lon="5.794832">
        <ele>25.75</ele>
      </trkpt>
      <trkpt lat="51.45828" lon="5.794633">
        <ele>25.97</ele>
      </trkpt>
      <trkpt lat="51.45854" lon="5.79436">
        <ele>26</ele>
      </trkpt>
      <trkpt lat="51.45952" lon="5.793614">
        <ele>26</ele>
      </trkpt>
      <trkpt lat="51.46008" lon="5.793197">
        <ele>26</ele>
      </trkpt>
      <trkpt lat="51.460229" lon="5.793149">
        <ele>25.63</ele>
      </trkpt>
      <trkpt lat="51.460581" lon="5.792959">
        <ele>25</ele>
      </trkpt>
      <trkpt lat="51.460653" lon="5.792906">
        <ele>25.02</ele>
      </trkpt>
      <trkpt lat="51.46063" lon="5.792639">
        <ele>25.8</ele>
      </trkpt>
      <trkpt lat="51.46065" lon="5.792236">
        <ele>25</ele>
      </trkpt>
      <trkpt lat="51.4607" lon="5.791995">
        <ele>25</ele>
      </trkpt>
      <trkpt lat="51.460765" lon="5.791786">
        <ele>25</ele>
      </trkpt>
      <trkpt lat="51.460935" lon="5.791351">
        <ele>25</ele>
      </trkpt>
      <trkpt lat="51.461117" lon="5.791176">
        <ele>25</ele>
      </trkpt>
      <trkpt lat="51.461253" lon="5.791086">
        <ele>25</ele>
      </trkpt>
      <trkpt lat="51.461102" lon="5.790752">
        <ele>25</ele>
      </trkpt>
      <trkpt lat="51.461026" lon="5.790528">
        <ele>25</ele>
      </trkpt>
      <trkpt lat="51.461026" lon="5.790528">
        <ele>26.78</ele>
      </trkpt>
      <trkpt lat="51.460701" lon="5.789571">
        <ele>25.88</ele>
      </trkpt>
      <trkpt lat="51.460506" lon="5.789215">
        <ele>25.28</ele>
      </trkpt>
      <trkpt lat="51.460175" lon="5.788766">
        <ele>25.16</ele>
      </trkpt>
      <trkpt lat="51.459786" lon="5.788174">
        <ele>25.91</ele>
      </trkpt>
      <trkpt lat="51.459515" lon="5.787703">
        <ele>25.95</ele>
      </trkpt>
      <trkpt lat="51.459389" lon="5.787504">
        <ele>25.87</ele>
      </trkpt>
      <trkpt lat="51.459255" lon="5.787324">
        <ele>25.82</ele>
      </trkpt>
      <trkpt lat="51.45864" lon="5.786659">
        <ele>25.77</ele>
      </trkpt>
      <trkpt lat="51.457743" lon="5.785823">
        <ele>27</ele>
      </trkpt>
      <trkpt lat="51.457593" lon="5.785665">
        <ele>26.94</ele>
      </trkpt>
      <trkpt lat="51.457288" lon="5.785308">
        <ele>26.57</ele>
      </trkpt>
      <trkpt lat="51.457042" lon="5.784964">
        <ele>26.16</ele>
      </trkpt>
      <trkpt lat="51.456179" lon="5.783831">
        <ele>26.86</ele>
      </trkpt>
      <trkpt lat="51.455093" lon="5.782411">
        <ele>26</ele>
      </trkpt>
      <trkpt lat="51.455002" lon="5.782321">
        <ele>26</ele>
      </trkpt>
      <trkpt lat="51.454892" lon="5.782262">
        <ele>26</ele>
      </trkpt>
      <trkpt lat="51.454839" lon="5.782266">
        <ele>26</ele>
      </trkpt>
      <trkpt lat="51.454827" lon="5.782165">
        <ele>26</ele>
      </trkpt>
      <trkpt lat="51.454799" lon="5.782063">
        <ele>26</ele>
      </trkpt>
      <trkpt lat="51.454755" lon="5.781952">
        <ele>26</ele>
      </trkpt>
      <trkpt lat="51.454695" lon="5.78184">
        <ele>26</ele>
      </trkpt>
      <trkpt lat="51.454535" lon="5.781633">
        <ele>25.82</ele>
      </trkpt>
      <trkpt lat="51.453865" lon="5.780765">
        <ele>25.07</ele>
      </trkpt>
      <trkpt lat="51.451212" lon="5.777244">
        <ele>24.92</ele>
      </trkpt>
      <trkpt lat="51.450623" lon="5.776495">
        <ele>25.18</ele>
      </trkpt>
      <trkpt lat="51.450051" lon="5.775696">
        <ele>24.75</ele>
      </trkpt>
      <trkpt lat="51.449997" lon="5.775574">
        <ele>24.67</ele>
      </trkpt>
      <trkpt lat="51.449962" lon="5.775436">
        <ele>24.58</ele>
      </trkpt>
      <trkpt lat="51.449953" lon="5.775235">
        <ele>24.43</ele>
      </trkpt>
      <trkpt lat="51.449955" lon="5.775093">
        <ele>24.27</ele>
      </trkpt>
      <trkpt lat="51.449954" lon="5.774993">
        <ele>24.07</ele>
      </trkpt>
      <trkpt lat="51.449945" lon="5.774992">
        <ele>24.09</ele>
      </trkpt>
      <trkpt lat="51.449748" lon="5.774967">
        <ele>24.32</ele>
      </trkpt>
      <trkpt lat="51.449302" lon="5.774844">
        <ele>24.79</ele>
      </trkpt>
      <trkpt lat="51.449217" lon="5.774791">
        <ele>24.82</ele>
      </trkpt>
      <trkpt lat="51.449187" lon="5.774702">
        <ele>24.75</ele>
      </trkpt>
      <trkpt lat="51.449136" lon="5.774644">
        <ele>24.74</ele>
      </trkpt>
      <trkpt lat="51.449097" lon="5.774471">
        <ele>24.58</ele>
      </trkpt>
      <trkpt lat="51.449068" lon="5.774411">
        <ele>24.55</ele>
      </trkpt>
      <trkpt lat="51.448826" lon="5.77409">
        <ele>24.44</ele>
      </trkpt>
      <trkpt lat="51.448023" lon="5.77303">
        <ele>23.83</ele>
      </trkpt>
      <trkpt lat="51.447978" lon="5.772918">
        <ele>23.82</ele>
      </trkpt>
      <trkpt lat="51.447908" lon="5.772823">
        <ele>23.85</ele>
      </trkpt>
      <trkpt lat="51.447833" lon="5.772764">
        <ele>23.91</ele>
      </trkpt>
      <trkpt lat="51.447522" lon="5.772285">
        <ele>24.26</ele>
      </trkpt>
      <trkpt lat="51.447386" lon="5.772024">
        <ele>24.43</ele>
      </trkpt>
      <trkpt lat="51.447144" lon="5.771456">
        <ele>24.6</ele>
      </trkpt>
      <trkpt lat="51.44712" lon="5.771319">
        <ele>24.6</ele>
      </trkpt>
      <trkpt lat="51.447076" lon="5.771197">
        <ele>24.65</ele>
      </trkpt>
      <trkpt lat="51.447013" lon="5.771079">
        <ele>24.76</ele>
      </trkpt>
      <trkpt lat="51.446813" lon="5.770368">
        <ele>25</ele>
      </trkpt>
      <trkpt lat="51.446606" lon="5.769593">
        <ele>24.36</ele>
      </trkpt>
      <trkpt lat="51.446591" lon="5.769433">
        <ele>24.17</ele>
      </trkpt>
      <trkpt lat="51.446555" lon="5.769302">
        <ele>24.01</ele>
      </trkpt>
      <trkpt lat="51.446515" lon="5.769227">
        <ele>23.92</ele>
      </trkpt>
      <trkpt lat="51.446117" lon="5.767852">
        <ele>23.69</ele>
      </trkpt>
      <trkpt lat="51.445808" lon="5.76693">
        <ele>24.52</ele>
      </trkpt>
      <trkpt lat="51.445627" lon="5.766373">
        <ele>24.73</ele>
      </trkpt>
      <trkpt lat="51.445558" lon="5.766285">
        <ele>24.76</ele>
      </trkpt>
      <trkpt lat="51.445477" lon="5.766079">
        <ele>24.9</ele>
      </trkpt>
      <trkpt lat="51.445322" lon="5.765764">
        <ele>25.21</ele>
      </trkpt>
      <trkpt lat="51.445286" lon="5.765648">
        <ele>25.35</ele>
      </trkpt>
      <trkpt lat="51.445133" lon="5.765451">
        <ele>25.61</ele>
      </trkpt>
      <trkpt lat="51.445052" lon="5.765404">
        <ele>25.67</ele>
      </trkpt>
      <trkpt lat="51.44466" lon="5.764899">
        <ele>25.64</ele>
      </trkpt>
      <trkpt lat="51.444609" lon="5.764793">
        <ele>25.5</ele>
      </trkpt>
      <trkpt lat="51.444403" lon="5.764526">
        <ele>25.27</ele>
      </trkpt>
      <trkpt lat="51.444267" lon="5.764303">
        <ele>24.84</ele>
      </trkpt>
      <trkpt lat="51.444186" lon="5.764092">
        <ele>24.56</ele>
      </trkpt>
      <trkpt lat="51.44414" lon="5.763922">
        <ele>24.38</ele>
      </trkpt>
      <trkpt lat="51.444115" lon="5.763753">
        <ele>24.23</ele>
      </trkpt>
      <trkpt lat="51.444062" lon="5.762753">
        <ele>24.85</ele>
      </trkpt>
      <trkpt lat="51.444088" lon="5.762568">
        <ele>25</ele>
      </trkpt>
      <trkpt lat="51.444076" lon="5.762273">
        <ele>25</ele>
      </trkpt>
      <trkpt lat="51.444044" lon="5.762152">
        <ele>25</ele>
      </trkpt>
      <trkpt lat="51.444017" lon="5.761615">
        <ele>24.9</ele>
      </trkpt>
      <trkpt lat="51.443982" lon="5.761422">
        <ele>24.77</ele>
      </trkpt>
      <trkpt lat="51.443921" lon="5.76124">
        <ele>24.61</ele>
      </trkpt>
      <trkpt lat="51.443728" lon="5.760874">
        <ele>24.19</ele>
      </trkpt>
      <trkpt lat="51.443773" lon="5.760701">
        <ele>24.24</ele>
      </trkpt>
      <trkpt lat="51.444035" lon="5.759979">
        <ele>24.55</ele>
      </trkpt>
      <trkpt lat="51.444056" lon="5.759921">
        <ele>24.58</ele>
      </trkpt>
      <trkpt lat="51.444077" lon="5.759795">
        <ele>24.6</ele>
      </trkpt>
      <trkpt lat="51.444439" lon="5.758646">
        <ele>25.04</ele>
      </trkpt>
      <trkpt lat="51.444592" lon="5.758208">
        <ele>25.16</ele>
      </trkpt>
      <trkpt lat="51.444948" lon="5.757107">
        <ele>25</ele>
      </trkpt>
      <trkpt lat="51.445163" lon="5.75642">
        <ele>24.55</ele>
      </trkpt>
      <trkpt lat="51.445194" lon="5.756206">
        <ele>24.3</ele>
      </trkpt>
      <trkpt lat="51.445261" lon="5.756053">
        <ele>24.13</ele>
      </trkpt>
      <trkpt lat="51.445227" lon="5.755897">
        <ele>24</ele>
      </trkpt>
      <trkpt lat="51.44521" lon="5.755418">
        <ele>24.26</ele>
      </trkpt>
      <trkpt lat="51.445169" lon="5.754224">
        <ele>24.91</ele>
      </trkpt>
      <trkpt lat="51.444816" lon="5.753086">
        <ele>24.04</ele>
      </trkpt>
      <trkpt lat="51.444647" lon="5.752573">
        <ele>23.29</ele>
      </trkpt>
      <trkpt lat="51.444581" lon="5.752456">
        <ele>23.21</ele>
      </trkpt>
      <trkpt lat="51.444302" lon="5.752649">
        <ele>23.03</ele>
      </trkpt>
      <trkpt lat="51.444164" lon="5.752584">
        <ele>23.02</ele>
      </trkpt>
      <trkpt lat="51.44377" lon="5.7524">
        <ele>23</ele>
      </trkpt>
      <trkpt lat="51.442498" lon="5.751555">
        <ele>22.2</ele>
      </trkpt>
      <trkpt lat="51.442178" lon="5.751324">
        <ele>22.18</ele>
      </trkpt>
      <trkpt lat="51.442102" lon="5.751182">
        <ele>22.17</ele>
      </trkpt>
      <trkpt lat="51.441877" lon="5.750543">
        <ele>22.03</ele>
      </trkpt>
      <trkpt lat="51.44166" lon="5.749843">
        <ele>22.43</ele>
      </trkpt>
      <trkpt lat="51.441487" lon="5.749418">
        <ele>22.5</ele>
      </trkpt>
      <trkpt lat="51.4414" lon="5.749277">
        <ele>22.39</ele>
      </trkpt>
      <trkpt lat="51.441309" lon="5.749164">
        <ele>22.28</ele>
      </trkpt>
      <trkpt lat="51.441195" lon="5.749091">
        <ele>22.15</ele>
      </trkpt>
      <trkpt lat="51.440805" lon="5.74892">
        <ele>22</ele>
      </trkpt>
      <trkpt lat="51.440548" lon="5.748756">
        <ele>22</ele>
      </trkpt>
      <trkpt lat="51.440343" lon="5.748588">
        <ele>22</ele>
      </trkpt>
      <trkpt lat="51.440264" lon="5.748497">
        <ele>22</ele>
      </trkpt>
      <trkpt lat="51.440202" lon="5.748372">
        <ele>22.14</ele>
      </trkpt>
      <trkpt lat="51.440161" lon="5.748246">
        <ele>22.3</ele>
      </trkpt>
      <trkpt lat="51.440138" lon="5.748052">
        <ele>22.49</ele>
      </trkpt>
      <trkpt lat="51.440133" lon="5.747897">
        <ele>22.63</ele>
      </trkpt>
      <trkpt lat="51.43992" lon="5.747948">
        <ele>22.53</ele>
      </trkpt>
      <trkpt lat="51.439706" lon="5.748103">
        <ele>22.52</ele>
      </trkpt>
      <trkpt lat="51.439463" lon="5.748306">
        <ele>22.79</ele>
      </trkpt>
      <trkpt lat="51.439463" lon="5.748306">
        <ele>22.79</ele>
      </trkpt>
      <trkpt lat="51.439261" lon="5.748504">
        <ele>22.49</ele>
      </trkpt>
      <trkpt lat="51.439149" lon="5.74868">
        <ele>22.16</ele>
      </trkpt>
      <trkpt lat="51.439058" lon="5.748859">
        <ele>21.95</ele>
      </trkpt>
      <trkpt lat="51.439003" lon="5.749009">
        <ele>21.87</ele>
      </trkpt>
      <trkpt lat="51.438742" lon="5.750486">
        <ele>22</ele>
      </trkpt>
      <trkpt lat="51.43865" lon="5.750757">
        <ele>22</ele>
      </trkpt>
      <trkpt lat="51.437987" lon="5.751996">
        <ele>22.3</ele>
      </trkpt>
      <trkpt lat="51.437026" lon="5.754431">
        <ele>22.46</ele>
      </trkpt>
      <trkpt lat="51.436716" lon="5.755255">
        <ele>23.05</ele>
      </trkpt>
      <trkpt lat="51.436566" lon="5.7558">
        <ele>23.88</ele>
      </trkpt>
      <trkpt lat="51.43655" lon="5.755882">
        <ele>24</ele>
      </trkpt>
      <trkpt lat="51.434479" lon="5.754443">
        <ele>22.01</ele>
      </trkpt>
      <trkpt lat="51.434479" lon="5.754443">
        <ele>22.01</ele>
      </trkpt>
      <trkpt lat="51.432829" lon="5.753315">
        <ele>22.14</ele>
      </trkpt>
      <trkpt lat="51.431741" lon="5.752529">
        <ele>23.91</ele>
      </trkpt>
      <trkpt lat="51.431245" lon="5.752206">
        <ele>23.9</ele>
      </trkpt>
      <trkpt lat="51.430928" lon="5.75207">
        <ele>24.11</ele>
      </trkpt>
      <trkpt lat="51.430738" lon="5.75202">
        <ele>24.29</ele>
      </trkpt>
      <trkpt lat="51.430602" lon="5.751998">
        <ele>24.43</ele>
      </trkpt>
      <trkpt lat="51.430165" lon="5.751997">
        <ele>24.6</ele>
      </trkpt>
      <trkpt lat="51.429737" lon="5.752078">
        <ele>23.66</ele>
      </trkpt>
      <trkpt lat="51.429645" lon="5.752062">
        <ele>23.48</ele>
      </trkpt>
      <trkpt lat="51.429407" lon="5.752114">
        <ele>23</ele>
      </trkpt>
      <trkpt lat="51.429251" lon="5.752114">
        <ele>22.82</ele>
      </trkpt>
      <trkpt lat="51.429228" lon="5.752069">
        <ele>22.79</ele>
      </trkpt>
      <trkpt lat="51.429197" lon="5.752031">
        <ele>22.75</ele>
      </trkpt>
      <trkpt lat="51.429155" lon="5.752006">
        <ele>22.7</ele>
      </trkpt>
      <trkpt lat="51.429093" lon="5.752005">
        <ele>22.63</ele>
      </trkpt>
      <trkpt lat="51.429054" lon="5.752028">
        <ele>22.58</ele>
      </trkpt>
      <trkpt lat="51.429018" lon="5.75207">
        <ele>22.54</ele>
      </trkpt>
      <trkpt lat="51.428992" lon="5.752126">
        <ele>22.51</ele>
      </trkpt>
      <trkpt lat="51.428975" lon="5.752207">
        <ele>22.48</ele>
      </trkpt>
      <trkpt lat="51.428843" lon="5.752278">
        <ele>22.33</ele>
      </trkpt>
      <trkpt lat="51.428621" lon="5.75236">
        <ele>22.06</ele>
      </trkpt>
      <trkpt lat="51.428492" lon="5.752438">
        <ele>22.09</ele>
      </trkpt>
      <trkpt lat="51.427324" lon="5.752802">
        <ele>23.28</ele>
      </trkpt>
      <trkpt lat="51.426628" lon="5.753043">
        <ele>24.16</ele>
      </trkpt>
      <trkpt lat="51.426362" lon="5.753152">
        <ele>24.67</ele>
      </trkpt>
      <trkpt lat="51.42617" lon="5.753248">
        <ele>25.02</ele>
      </trkpt>
      <trkpt lat="51.426018" lon="5.753341">
        <ele>25.19</ele>
      </trkpt>
      <trkpt lat="51.425792" lon="5.753519">
        <ele>25.29</ele>
      </trkpt>
      <trkpt lat="51.425624" lon="5.75368">
        <ele>25.41</ele>
      </trkpt>
      <trkpt lat="51.425493" lon="5.753822">
        <ele>25.56</ele>
      </trkpt>
      <trkpt lat="51.425329" lon="5.754019">
        <ele>25.82</ele>
      </trkpt>
      <trkpt lat="51.425133" lon="5.754307">
        <ele>25.87</ele>
      </trkpt>
      <trkpt lat="51.42477" lon="5.754939">
        <ele>25.44</ele>
      </trkpt>
      <trkpt lat="51.423931" lon="5.756315">
        <ele>24.25</ele>
      </trkpt>
      <trkpt lat="51.423506" lon="5.756978">
        <ele>24.02</ele>
      </trkpt>
      <trkpt lat="51.422659" lon="5.758233">
        <ele>25.63</ele>
      </trkpt>
      <trkpt lat="51.422502" lon="5.758482">
        <ele>25.73</ele>
      </trkpt>
      <trkpt lat="51.422376" lon="5.758712">
        <ele>25.7</ele>
      </trkpt>
      <trkpt lat="51.422275" lon="5.758931">
        <ele>25.76</ele>
      </trkpt>
      <trkpt lat="51.422221" lon="5.759073">
        <ele>25.84</ele>
      </trkpt>
      <trkpt lat="51.422121" lon="5.759384">
        <ele>26.08</ele>
      </trkpt>
      <trkpt lat="51.422076" lon="5.759559">
        <ele>26.25</ele>
      </trkpt>
      <trkpt lat="51.422017" lon="5.759889">
        <ele>26.62</ele>
      </trkpt>
      <trkpt lat="51.421978" lon="5.760295">
        <ele>26.91</ele>
      </trkpt>
      <trkpt lat="51.421981" lon="5.760774">
        <ele>26.91</ele>
      </trkpt>
      <trkpt lat="51.421997" lon="5.760976">
        <ele>26.87</ele>
      </trkpt>
      <trkpt lat="51.422018" lon="5.761174">
        <ele>26.68</ele>
      </trkpt>
      <trkpt lat="51.422105" lon="5.761768">
        <ele>26.26</ele>
      </trkpt>
      <trkpt lat="51.422177" lon="5.762337">
        <ele>27.42</ele>
      </trkpt>
      <trkpt lat="51.422203" lon="5.762669">
        <ele>28.1</ele>
      </trkpt>
      <trkpt lat="51.42221" lon="5.763018">
        <ele>28.94</ele>
      </trkpt>
      <trkpt lat="51.422203" lon="5.763174">
        <ele>29.31</ele>
      </trkpt>
      <trkpt lat="51.422171" lon="5.763483">
        <ele>29.97</ele>
      </trkpt>
      <trkpt lat="51.422144" lon="5.763653">
        <ele>29.77</ele>
      </trkpt>
      <trkpt lat="51.422047" lon="5.764019">
        <ele>29.33</ele>
      </trkpt>
      <trkpt lat="51.421993" lon="5.764168">
        <ele>29.15</ele>
      </trkpt>
      <trkpt lat="51.421867" lon="5.764453">
        <ele>28.69</ele>
      </trkpt>
      <trkpt lat="51.421795" lon="5.764583">
        <ele>28.35</ele>
      </trkpt>
      <trkpt lat="51.421655" lon="5.764795">
        <ele>27.86</ele>
      </trkpt>
      <trkpt lat="51.421515" lon="5.76496">
        <ele>27.55</ele>
      </trkpt>
      <trkpt lat="51.421376" lon="5.765093">
        <ele>27.36</ele>
      </trkpt>
      <trkpt lat="51.421204" lon="5.765209">
        <ele>27.15</ele>
      </trkpt>
      <trkpt lat="51.421114" lon="5.765257">
        <ele>27.04</ele>
      </trkpt>
      <trkpt lat="51.420926" lon="5.765322">
        <ele>27.04</ele>
      </trkpt>
      <trkpt lat="51.420739" lon="5.765344">
        <ele>27.1</ele>
      </trkpt>
      <trkpt lat="51.420542" lon="5.765337">
        <ele>27.16</ele>
      </trkpt>
      <trkpt lat="51.420358" lon="5.765291">
        <ele>27.17</ele>
      </trkpt>
      <trkpt lat="51.420154" lon="5.765195">
        <ele>27.19</ele>
      </trkpt>
      <trkpt lat="51.420047" lon="5.765125">
        <ele>27.22</ele>
      </trkpt>
      <trkpt lat="51.419865" lon="5.764967">
        <ele>26.97</ele>
      </trkpt>
      <trkpt lat="51.419662" lon="5.764722">
        <ele>26.38</ele>
      </trkpt>
      <trkpt lat="51.419535" lon="5.764525">
        <ele>25.79</ele>
      </trkpt>
      <trkpt lat="51.419428" lon="5.764318">
        <ele>25.09</ele>
      </trkpt>
      <trkpt lat="51.419351" lon="5.764128">
        <ele>24.75</ele>
      </trkpt>
      <trkpt lat="51.419293" lon="5.76396">
        <ele>24.57</ele>
      </trkpt>
      <trkpt lat="51.41922" lon="5.763688">
        <ele>24.3</ele>
      </trkpt>
      <trkpt lat="51.419171" lon="5.763395">
        <ele>24.15</ele>
      </trkpt>
      <trkpt lat="51.419184" lon="5.763217">
        <ele>24.19</ele>
      </trkpt>
      <trkpt lat="51.419171" lon="5.762914">
        <ele>24.41</ele>
      </trkpt>
      <trkpt lat="51.41917" lon="5.762774">
        <ele>24.48</ele>
      </trkpt>
      <trkpt lat="51.419181" lon="5.762588">
        <ele>24.53</ele>
      </trkpt>
      <trkpt lat="51.419314" lon="5.761432">
        <ele>24.6</ele>
      </trkpt>
      <trkpt lat="51.419336" lon="5.761145">
        <ele>24.88</ele>
      </trkpt>
      <trkpt lat="51.419342" lon="5.76091">
        <ele>25.13</ele>
      </trkpt>
      <trkpt lat="51.418027" lon="5.760356">
        <ele>25.06</ele>
      </trkpt>
      <trkpt lat="51.417824" lon="5.760315">
        <ele>24.61</ele>
      </trkpt>
      <trkpt lat="51.417725" lon="5.760317">
        <ele>24.46</ele>
      </trkpt>
      <trkpt lat="51.417584" lon="5.760337">
        <ele>24.6</ele>
      </trkpt>
      <trkpt lat="51.417415" lon="5.760406">
        <ele>24.8</ele>
      </trkpt>
      <trkpt lat="51.41709" lon="5.760574">
        <ele>25.02</ele>
      </trkpt>
      <trkpt lat="51.416991" lon="5.760612">
        <ele>25.02</ele>
      </trkpt>
      <trkpt lat="51.416808" lon="5.760659">
        <ele>25.11</ele>
      </trkpt>
      <trkpt lat="51.416593" lon="5.760658">
        <ele>25.37</ele>
      </trkpt>
      <trkpt lat="51.41651" lon="5.760641">
        <ele>25.47</ele>
      </trkpt>
      <trkpt lat="51.416384" lon="5.760589">
        <ele>25.62</ele>
      </trkpt>
      <trkpt lat="51.416188" lon="5.760453">
        <ele>25.86</ele>
      </trkpt>
      <trkpt lat="51.415888" lon="5.760132">
        <ele>26</ele>
      </trkpt>
      <trkpt lat="51.415267" lon="5.759345">
        <ele>25.03</ele>
      </trkpt>
      <trkpt lat="51.415114" lon="5.759164">
        <ele>24.89</ele>
      </trkpt>
      <trkpt lat="51.41486" lon="5.758895">
        <ele>24.95</ele>
      </trkpt>
      <trkpt lat="51.414859" lon="5.758802">
        <ele>24.94</ele>
      </trkpt>
      <trkpt lat="51.414838" lon="5.758723">
        <ele>24.97</ele>
      </trkpt>
      <trkpt lat="51.414787" lon="5.758652">
        <ele>25.06</ele>
      </trkpt>
      <trkpt lat="51.414756" lon="5.758633">
        <ele>25.12</ele>
      </trkpt>
      <trkpt lat="51.414722" lon="5.758627">
        <ele>25.19</ele>
      </trkpt>
      <trkpt lat="51.414669" lon="5.758644">
        <ele>25.28</ele>
      </trkpt>
      <trkpt lat="51.414617" lon="5.758705">
        <ele>25.34</ele>
      </trkpt>
      <trkpt lat="51.414468" lon="5.758613">
        <ele>25.69</ele>
      </trkpt>
      <trkpt lat="51.414332" lon="5.758569">
        <ele>25.8</ele>
      </trkpt>
      <trkpt lat="51.413882" lon="5.758339">
        <ele>25.18</ele>
      </trkpt>
      <trkpt lat="51.412368" lon="5.757728">
        <ele>25.02</ele>
      </trkpt>
      <trkpt lat="51.412287" lon="5.757643">
        <ele>25</ele>
      </trkpt>
      <trkpt lat="51.412052" lon="5.757544">
        <ele>24.98</ele>
      </trkpt>
      <trkpt lat="51.410046" lon="5.756704">
        <ele>24.33</ele>
      </trkpt>
      <trkpt lat="51.409962" lon="5.75672">
        <ele>24.42</ele>
      </trkpt>
      <trkpt lat="51.409531" lon="5.756538">
        <ele>25.15</ele>
      </trkpt>
      <trkpt lat="51.409437" lon="5.75645">
        <ele>25.37</ele>
      </trkpt>
      <trkpt lat="51.409091" lon="5.756296">
        <ele>25.75</ele>
      </trkpt>
      <trkpt lat="51.408951" lon="5.756251">
        <ele>25.84</ele>
      </trkpt>
      <trkpt lat="51.408692" lon="5.756132">
        <ele>25.97</ele>
      </trkpt>
      <trkpt lat="51.408088" lon="5.755888">
        <ele>26</ele>
      </trkpt>
      <trkpt lat="51.407989" lon="5.755883">
        <ele>26</ele>
      </trkpt>
      <trkpt lat="51.407435" lon="5.755564">
        <ele>26.36</ele>
      </trkpt>
      <trkpt lat="51.407035" lon="5.755189">
        <ele>26.84</ele>
      </trkpt>
      <trkpt lat="51.406836" lon="5.754975">
        <ele>27.34</ele>
      </trkpt>
      <trkpt lat="51.406671" lon="5.754763">
        <ele>27.99</ele>
      </trkpt>
      <trkpt lat="51.406417" lon="5.754365">
        <ele>29.07</ele>
      </trkpt>
      <trkpt lat="51.406386" lon="5.754249">
        <ele>29.26</ele>
      </trkpt>
      <trkpt lat="51.406352" lon="5.754193">
        <ele>29.36</ele>
      </trkpt>
      <trkpt lat="51.406286" lon="5.754044">
        <ele>29.55</ele>
      </trkpt>
      <trkpt lat="51.406297" lon="5.753982">
        <ele>29.55</ele>
      </trkpt>
      <trkpt lat="51.406295" lon="5.753917">
        <ele>29.58</ele>
      </trkpt>
      <trkpt lat="51.406281" lon="5.753856">
        <ele>29.62</ele>
      </trkpt>
      <trkpt lat="51.406242" lon="5.753791">
        <ele>29.71</ele>
      </trkpt>
      <trkpt lat="51.406204" lon="5.753765">
        <ele>29.78</ele>
      </trkpt>
      <trkpt lat="51.406164" lon="5.753759">
        <ele>29.84</ele>
      </trkpt>
      <trkpt lat="51.406124" lon="5.753775">
        <ele>29.91</ele>
      </trkpt>
      <trkpt lat="51.406089" lon="5.753811">
        <ele>29.96</ele>
      </trkpt>
      <trkpt lat="51.406063" lon="5.753865">
        <ele>29.99</ele>
      </trkpt>
      <trkpt lat="51.40605" lon="5.753925">
        <ele>29.97</ele>
      </trkpt>
      <trkpt lat="51.40605" lon="5.753989">
        <ele>29.96</ele>
      </trkpt>
      <trkpt lat="51.405956" lon="5.754072">
        <ele>29.77</ele>
      </trkpt>
      <trkpt lat="51.405755" lon="5.75434">
        <ele>29.19</ele>
      </trkpt>
      <trkpt lat="51.405219" lon="5.755153">
        <ele>26.98</ele>
      </trkpt>
      <trkpt lat="51.405118" lon="5.755289">
        <ele>26.86</ele>
      </trkpt>
      <trkpt lat="51.404031" lon="5.756966">
        <ele>26.44</ele>
      </trkpt>
      <trkpt lat="51.40397" lon="5.757046">
        <ele>26.52</ele>
      </trkpt>
      <trkpt lat="51.403899" lon="5.757073">
        <ele>26.6</ele>
      </trkpt>
      <trkpt lat="51.403831" lon="5.757148">
        <ele>26.68</ele>
      </trkpt>
      <trkpt lat="51.403794" lon="5.757239">
        <ele>26.73</ele>
      </trkpt>
      <trkpt lat="51.403746" lon="5.757305">
        <ele>26.79</ele>
      </trkpt>
      <trkpt lat="51.403506" lon="5.75751">
        <ele>26.93</ele>
      </trkpt>
      <trkpt lat="51.403277" lon="5.757651">
        <ele>26.66</ele>
      </trkpt>
      <trkpt lat="51.402964" lon="5.757811">
        <ele>26.44</ele>
      </trkpt>
      <trkpt lat="51.4029" lon="5.757567">
        <ele>26.2</ele>
      </trkpt>
      <trkpt lat="51.40285" lon="5.757467">
        <ele>26.14</ele>
      </trkpt>
      <trkpt lat="51.402811" lon="5.75731">
        <ele>26.09</ele>
      </trkpt>
      <trkpt lat="51.402751" lon="5.757146">
        <ele>26.02</ele>
      </trkpt>
      <trkpt lat="51.402647" lon="5.756961">
        <ele>26.02</ele>
      </trkpt>
      <trkpt lat="51.402517" lon="5.756821">
        <ele>26.01</ele>
      </trkpt>
      <trkpt lat="51.402319" lon="5.756688">
        <ele>26.06</ele>
      </trkpt>
      <trkpt lat="51.402227" lon="5.75664">
        <ele>26.07</ele>
      </trkpt>
      <trkpt lat="51.402023" lon="5.75656">
        <ele>26.04</ele>
      </trkpt>
      <trkpt lat="51.401668" lon="5.756452">
        <ele>26.44</ele>
      </trkpt>
      <trkpt lat="51.401143" lon="5.756274">
        <ele>27.25</ele>
      </trkpt>
      <trkpt lat="51.400175" lon="5.755614">
        <ele>27.93</ele>
      </trkpt>
      <trkpt lat="51.399449" lon="5.755137">
        <ele>27.14</ele>
      </trkpt>
      <trkpt lat="51.399312" lon="5.755047">
        <ele>26.99</ele>
      </trkpt>
      <trkpt lat="51.399185" lon="5.755017">
        <ele>26.97</ele>
      </trkpt>
      <trkpt lat="51.398885" lon="5.754983">
        <ele>26.89</ele>
      </trkpt>
      <trkpt lat="51.398792" lon="5.754888">
        <ele>26.79</ele>
      </trkpt>
      <trkpt lat="51.398722" lon="5.754783">
        <ele>26.67</ele>
      </trkpt>
      <trkpt lat="51.398672" lon="5.754603">
        <ele>26.45</ele>
      </trkpt>
      <trkpt lat="51.398651" lon="5.754406">
        <ele>26.22</ele>
      </trkpt>
      <trkpt lat="51.398635" lon="5.754147">
        <ele>26.08</ele>
      </trkpt>
      <trkpt lat="51.39865" lon="5.753966">
        <ele>26.1</ele>
      </trkpt>
      <trkpt lat="51.398645" lon="5.753867">
        <ele>26.09</ele>
      </trkpt>
      <trkpt lat="51.39868" lon="5.753821">
        <ele>26.14</ele>
      </trkpt>
      <trkpt lat="51.398699" lon="5.753757">
        <ele>26.16</ele>
      </trkpt>
      <trkpt lat="51.398698" lon="5.753685">
        <ele>26.16</ele>
      </trkpt>
      <trkpt lat="51.398679" lon="5.75362">
        <ele>26.14</ele>
      </trkpt>
      <trkpt lat="51.398654" lon="5.753584">
        <ele>26.1</ele>
      </trkpt>
      <trkpt lat="51.398622" lon="5.753563">
        <ele>26.07</ele>
      </trkpt>
      <trkpt lat="51.398587" lon="5.75356">
        <ele>26.03</ele>
      </trkpt>
      <trkpt lat="51.398554" lon="5.753576">
        <ele>26</ele>
      </trkpt>
      <trkpt lat="51.398526" lon="5.753609">
        <ele>26</ele>
      </trkpt>
      <trkpt lat="51.398416" lon="5.753577">
        <ele>26</ele>
      </trkpt>
      <trkpt lat="51.398226" lon="5.753595">
        <ele>26</ele>
      </trkpt>
      <trkpt lat="51.39684" lon="5.753946">
        <ele>26</ele>
      </trkpt>
      <trkpt lat="51.39607" lon="5.75425">
        <ele>26</ele>
      </trkpt>
      <trkpt lat="51.39593" lon="5.75427">
        <ele>26</ele>
      </trkpt>
      <trkpt lat="51.395767" lon="5.754182">
        <ele>26</ele>
      </trkpt>
      <trkpt lat="51.395687" lon="5.754117">
        <ele>26</ele>
      </trkpt>
      <trkpt lat="51.395677" lon="5.754031">
        <ele>26</ele>
      </trkpt>
      <trkpt lat="51.39565" lon="5.753956">
        <ele>26</ele>
      </trkpt>
      <trkpt lat="51.395617" lon="5.753909">
        <ele>26</ele>
      </trkpt>
      <trkpt lat="51.395558" lon="5.753857">
        <ele>26</ele>
      </trkpt>
      <trkpt lat="51.395468" lon="5.753883">
        <ele>26</ele>
      </trkpt>
      <trkpt lat="51.395421" lon="5.753931">
        <ele>26</ele>
      </trkpt>
      <trkpt lat="51.395371" lon="5.753954">
        <ele>26</ele>
      </trkpt>
      <trkpt lat="51.395311" lon="5.753952">
        <ele>26</ele>
      </trkpt>
      <trkpt lat="51.395227" lon="5.753975">
        <ele>26</ele>
      </trkpt>
      <trkpt lat="51.395188" lon="5.754014">
        <ele>26</ele>
      </trkpt>
      <trkpt lat="51.395144" lon="5.754079">
        <ele>26</ele>
      </trkpt>
      <trkpt lat="51.395077" lon="5.754231">
        <ele>26</ele>
      </trkpt>
      <trkpt lat="51.394966" lon="5.754427">
        <ele>26.06</ele>
      </trkpt>
      <trkpt lat="51.394866" lon="5.754572">
        <ele>26.04</ele>
      </trkpt>
      <trkpt lat="51.394519" lon="5.754848">
        <ele>25.53</ele>
      </trkpt>
      <trkpt lat="51.392925" lon="5.75579">
        <ele>26.31</ele>
      </trkpt>
      <trkpt lat="51.392925" lon="5.75579">
        <ele>26.31</ele>
      </trkpt>
      <trkpt lat="51.39294" lon="5.755781">
        <ele>26.25</ele>
      </trkpt>
      <trkpt lat="51.392134" lon="5.754262">
        <ele>23.98</ele>
      </trkpt>
      <trkpt lat="51.391525" lon="5.753151">
        <ele>25.32</ele>
      </trkpt>
      <trkpt lat="51.391525" lon="5.753151">
        <ele>25.32</ele>
      </trkpt>
      <trkpt lat="51.392134" lon="5.754262">
        <ele>23.98</ele>
      </trkpt>
      <trkpt lat="51.39294" lon="5.755781">
        <ele>26.25</ele>
      </trkpt>
      <trkpt lat="51.392964" lon="5.755767">
        <ele>26.24</ele>
      </trkpt>
      <trkpt lat="51.394519" lon="5.754848">
        <ele>25.53</ele>
      </trkpt>
      <trkpt lat="51.394866" lon="5.754572">
        <ele>26.04</ele>
      </trkpt>
      <trkpt lat="51.394966" lon="5.754427">
        <ele>26.06</ele>
      </trkpt>
      <trkpt lat="51.395077" lon="5.754231">
        <ele>26</ele>
      </trkpt>
      <trkpt lat="51.395144" lon="5.754079">
        <ele>26</ele>
      </trkpt>
      <trkpt lat="51.395223" lon="5.75405">
        <ele>26</ele>
      </trkpt>
      <trkpt lat="51.395286" lon="5.754063">
        <ele>26</ele>
      </trkpt>
      <trkpt lat="51.395369" lon="5.754121">
        <ele>26</ele>
      </trkpt>
      <trkpt lat="51.395373" lon="5.75418">
        <ele>26</ele>
      </trkpt>
      <trkpt lat="51.395407" lon="5.754286">
        <ele>26</ele>
      </trkpt>
      <trkpt lat="51.395436" lon="5.754329">
        <ele>26.02</ele>
      </trkpt>
      <trkpt lat="51.395472" lon="5.754359">
        <ele>26.03</ele>
      </trkpt>
      <trkpt lat="51.395515" lon="5.754374">
        <ele>26.03</ele>
      </trkpt>
      <trkpt lat="51.39556" lon="5.75437">
        <ele>26.02</ele>
      </trkpt>
      <trkpt lat="51.395601" lon="5.754346">
        <ele>26.01</ele>
      </trkpt>
      <trkpt lat="51.395634" lon="5.75431">
        <ele>26</ele>
      </trkpt>
      <trkpt lat="51.39566" lon="5.754262">
        <ele>26</ele>
      </trkpt>
      <trkpt lat="51.395681" lon="5.754193">
        <ele>26</ele>
      </trkpt>
      <trkpt lat="51.395687" lon="5.754117">
        <ele>26</ele>
      </trkpt>
      <trkpt lat="51.395677" lon="5.754031">
        <ele>26</ele>
      </trkpt>
      <trkpt lat="51.39565" lon="5.753956">
        <ele>26</ele>
      </trkpt>
      <trkpt lat="51.395866" lon="5.753441">
        <ele>26</ele>
      </trkpt>
      <trkpt lat="51.395959" lon="5.753151">
        <ele>26</ele>
      </trkpt>
      <trkpt lat="51.395999" lon="5.753059">
        <ele>26.02</ele>
      </trkpt>
      <trkpt lat="51.396161" lon="5.752685">
        <ele>26.11</ele>
      </trkpt>
      <trkpt lat="51.396335" lon="5.752249">
        <ele>26.32</ele>
      </trkpt>
      <trkpt lat="51.396473" lon="5.751799">
        <ele>26.49</ele>
      </trkpt>
      <trkpt lat="51.396608" lon="5.751264">
        <ele>27.06</ele>
      </trkpt>
      <trkpt lat="51.396734" lon="5.750672">
        <ele>27.6</ele>
      </trkpt>
      <trkpt lat="51.396844" lon="5.750107">
        <ele>27.85</ele>
      </trkpt>
      <trkpt lat="51.39859" lon="5.740486">
        <ele>26</ele>
      </trkpt>
      <trkpt lat="51.398702" lon="5.7399">
        <ele>26.22</ele>
      </trkpt>
      <trkpt lat="51.398771" lon="5.739439">
        <ele>26.62</ele>
      </trkpt>
      <trkpt lat="51.398831" lon="5.738805">
        <ele>26.68</ele>
      </trkpt>
      <trkpt lat="51.398885" lon="5.738768">
        <ele>26.62</ele>
      </trkpt>
      <trkpt lat="51.398925" lon="5.738695">
        <ele>26.57</ele>
      </trkpt>
      <trkpt lat="51.398973" lon="5.738661">
        <ele>26.51</ele>
      </trkpt>
      <trkpt lat="51.399131" lon="5.738658">
        <ele>26.32</ele>
      </trkpt>
      <trkpt lat="51.399421" lon="5.739102">
        <ele>26.21</ele>
      </trkpt>
      <trkpt lat="51.399421" lon="5.739102">
        <ele>26.21</ele>
      </trkpt>
      <trkpt lat="51.399997" lon="5.739983">
        <ele>26</ele>
      </trkpt>
      <trkpt lat="51.40117" lon="5.74165">
        <ele>26.2</ele>
      </trkpt>
      <trkpt lat="51.401497" lon="5.742079">
        <ele>27.72</ele>
      </trkpt>
      <trkpt lat="51.4031" lon="5.744049">
        <ele>28.12</ele>
      </trkpt>
      <trkpt lat="51.403135" lon="5.744143">
        <ele>28.04</ele>
      </trkpt>
      <trkpt lat="51.403174" lon="5.744285">
        <ele>27.94</ele>
      </trkpt>
      <trkpt lat="51.403211" lon="5.744247">
        <ele>27.85</ele>
      </trkpt>
      <trkpt lat="51.40325" lon="5.744237">
        <ele>27.76</ele>
      </trkpt>
      <trkpt lat="51.403302" lon="5.744253">
        <ele>27.64</ele>
      </trkpt>
      <trkpt lat="51.403527" lon="5.744565">
        <ele>27.41</ele>
      </trkpt>
      <trkpt lat="51.403925" lon="5.745071">
        <ele>27.51</ele>
      </trkpt>
      <trkpt lat="51.403974" lon="5.745118">
        <ele>27.51</ele>
      </trkpt>
      <trkpt lat="51.40402" lon="5.745132">
        <ele>27.46</ele>
      </trkpt>
      <trkpt lat="51.404069" lon="5.745112">
        <ele>27.38</ele>
      </trkpt>
      <trkpt lat="51.40411" lon="5.745057">
        <ele>27.27</ele>
      </trkpt>
      <trkpt lat="51.4047" lon="5.744061">
        <ele>25.72</ele>
      </trkpt>
      <trkpt lat="51.405256" lon="5.743084">
        <ele>25.9</ele>
      </trkpt>
      <trkpt lat="51.405309" lon="5.743014">
        <ele>26.06</ele>
      </trkpt>
      <trkpt lat="51.405353" lon="5.743027">
        <ele>26.03</ele>
      </trkpt>
      <trkpt lat="51.40538" lon="5.742943">
        <ele>26.19</ele>
      </trkpt>
      <trkpt lat="51.405408" lon="5.74275">
        <ele>26.55</ele>
      </trkpt>
      <trkpt lat="51.405577" lon="5.742278">
        <ele>26.83</ele>
      </trkpt>
      <trkpt lat="51.405896" lon="5.741451">
        <ele>26.82</ele>
      </trkpt>
      <trkpt lat="51.40622" lon="5.740562">
        <ele>26.95</ele>
      </trkpt>
      <trkpt lat="51.406731" lon="5.739169">
        <ele>26.77</ele>
      </trkpt>
      <trkpt lat="51.406768" lon="5.73913">
        <ele>26.81</ele>
      </trkpt>
      <trkpt lat="51.406796" lon="5.739084">
        <ele>26.84</ele>
      </trkpt>
      <trkpt lat="51.406827" lon="5.739011">
        <ele>26.88</ele>
      </trkpt>
      <trkpt lat="51.406862" lon="5.739017">
        <ele>26.94</ele>
      </trkpt>
      <trkpt lat="51.406913" lon="5.738989">
        <ele>27</ele>
      </trkpt>
      <trkpt lat="51.406947" lon="5.738924">
        <ele>27</ele>
      </trkpt>
      <trkpt lat="51.406956" lon="5.738868">
        <ele>27</ele>
      </trkpt>
      <trkpt lat="51.406945" lon="5.738784">
        <ele>27</ele>
      </trkpt>
      <trkpt lat="51.406909" lon="5.738721">
        <ele>27</ele>
      </trkpt>
      <trkpt lat="51.406858" lon="5.738697">
        <ele>26.91</ele>
      </trkpt>
      <trkpt lat="51.406823" lon="5.738706">
        <ele>26.84</ele>
      </trkpt>
      <trkpt lat="51.406791" lon="5.738734">
        <ele>26.78</ele>
      </trkpt>
      <trkpt lat="51.406737" lon="5.738699">
        <ele>26.66</ele>
      </trkpt>
      <trkpt lat="51.406628" lon="5.738697">
        <ele>26.44</ele>
      </trkpt>
      <trkpt lat="51.406486" lon="5.738675">
        <ele>26.13</ele>
      </trkpt>
      <trkpt lat="51.40603" lon="5.73864">
        <ele>25.27</ele>
      </trkpt>
      <trkpt lat="51.405546" lon="5.738586">
        <ele>25.78</ele>
      </trkpt>
      <trkpt lat="51.405519" lon="5.738132">
        <ele>26.05</ele>
      </trkpt>
      <trkpt lat="51.405304" lon="5.737234">
        <ele>26.92</ele>
      </trkpt>
      <trkpt lat="51.405" lon="5.73589">
        <ele>25.94</ele>
      </trkpt>
      <trkpt lat="51.40492" lon="5.73566">
        <ele>25.78</ele>
      </trkpt>
      <trkpt lat="51.40428" lon="5.73421">
        <ele>25</ele>
      </trkpt>
      <trkpt lat="51.403397" lon="5.73313">
        <ele>25.2</ele>
      </trkpt>
    </trkseg>
  </trk>
</gpx>
